SampleID,Hap_Name,Haplotype_Seq
M100A,Hap14,C|C|-|A|C|A|-|A|C|G|C|T|T|C|C|A|C|T|C|T|T|C|G|G|T|G|A|C|G|T|C|T|A|C|A|T|G|G|G|T|G|C|G|T|T|C|C|G|G|T|T|C|A|G|G|T|C|A|C|T|C|A|C|G|G|G|C|G|G
M101A,Hap1,C|C|T|A|C|A|C|A|C|G|C|T|T|T|C|A|C|T|G|+|-|C|G|G|T|G|A|C|T|T|C|T|A|C|A|T|A|G|G|T|A|C|A|T|C|C|T|G|G|T|T|C|-|A|G|C|C|A|C|-|C|A|C|G|G|A|C|G|G
M102A,Hap1,C|C|T|A|C|A|C|A|C|G|C|T|T|T|C|A|C|T|G|+|-|C|G|G|T|G|A|C|T|T|C|T|A|C|A|T|A|G|G|T|A|C|A|T|C|C|T|G|G|T|T|C|-|A|G|C|C|A|C|-|C|A|C|G|G|A|C|G|G
M103A,Hap1,C|C|T|A|C|A|C|A|C|G|C|T|T|T|C|A|C|T|G|+|-|C|G|G|T|G|A|C|T|T|C|T|A|C|A|T|A|G|G|T|A|C|A|T|C|C|T|G|G|T|T|C|-|A|G|C|C|A|C|-|C|A|C|G|G|A|C|G|G
M104A,Hap4,C|C|T|A|C|A|C|A|C|G|C|T|T|T|C|A|C|T|G|+|-|C|G|G|T|G|A|C|T|T|C|T|A|C|A|T|A|G|G|T|A|C|A|T|C|C|T|G|G|T|T|C|-|A|G|C|C|A|C|-|C|G|C|G|G|A|C|G|G
M105A,Hap22,C|C|T|A|C|A|C|A|C|G|C|T|T|T|C|A|C|T|G|+|T|C|G|G|T|G|A|C|G|T|C|T|A|C|A|T|G|G|G|T|A|C|A|T|C|C|T|G|G|T|T|C|-|A|G|C|C|A|C|-|C|G|C|G|G|A|C|G|G
M106A,Hap2,C|C|T|A|C|A|C|A|C|G|C|T|T|C|+|A|C|T|C|T|T|C|G|G|T|G|A|C|G|T|C|T|A|C|A|T|G|G|G|T|G|C|G|T|T|C|C|G|G|T|T|C|A|G|G|T|C|A|C|T|C|A|C|G|G|G|C|G|G
M107A,Hap2,C|C|T|A|C|A|C|A|C|G|C|T|T|C|+|A|C|T|C|T|T|C|G|G|T|G|A|C|G|T|C|T|A|C|A|T|G|G|G|T|G|C|G|T|T|C|C|G|G|T|T|C|A|G|G|T|C|A|C|T|C|A|C|G|G|G|C|G|G
M108A,Hap3,C|C|-|A|C|G|C|A|C|G|C|T|T|T|C|A|C|T|G|+|-|C|G|G|T|G|A|C|G|T|C|T|A|C|A|T|A|G|G|T|A|C|A|T|C|C|T|G|G|T|T|C|-|A|G|C|C|A|C|-|C|G|C|G|G|A|C|G|A
M109A,Hap1,C|C|T|A|C|A|C|A|C|G|C|T|T|T|C|A|C|T|G|+|-|C|G|G|T|G|A|C|T|T|C|T|A|C|A|T|A|G|G|T|A|C|A|T|C|C|T|G|G|T|T|C|-|A|G|C|C|A|C|-|C|A|C|G|G|A|C|G|G
M10A,Hap1,C|C|T|A|C|A|C|A|C|G|C|T|T|T|C|A|C|T|G|+|-|C|G|G|T|G|A|C|T|T|C|T|A|C|A|T|A|G|G|T|A|C|A|T|C|C|T|G|G|T|T|C|-|A|G|C|C|A|C|-|C|A|C|G|G|A|C|G|G
M110A,Hap1,C|C|T|A|C|A|C|A|C|G|C|T|T|T|C|A|C|T|G|+|-|C|G|G|T|G|A|C|T|T|C|T|A|C|A|T|A|G|G|T|A|C|A|T|C|C|T|G|G|T|T|C|-|A|G|C|C|A|C|-|C|A|C|G|G|A|C|G|G
M111A,Hap3,C|C|-|A|C|G|C|A|C|G|C|T|T|T|C|A|C|T|G|+|-|C|G|G|T|G|A|C|G|T|C|T|A|C|A|T|A|G|G|T|A|C|A|T|C|C|T|G|G|T|T|C|-|A|G|C|C|A|C|-|C|G|C|G|G|A|C|G|A
M112A,Hap1,C|C|T|A|C|A|C|A|C|G|C|T|T|T|C|A|C|T|G|+|-|C|G|G|T|G|A|C|T|T|C|T|A|C|A|T|A|G|G|T|A|C|A|T|C|C|T|G|G|T|T|C|-|A|G|C|C|A|C|-|C|A|C|G|G|A|C|G|G
M113A,Hap1,C|C|T|A|C|A|C|A|C|G|C|T|T|T|C|A|C|T|G|+|-|C|G|G|T|G|A|C|T|T|C|T|A|C|A|T|A|G|G|T|A|C|A|T|C|C|T|G|G|T|T|C|-|A|G|C|C|A|C|-|C|A|C|G|G|A|C|G|G
M114A,Hap1,C|C|T|A|C|A|C|A|C|G|C|T|T|T|C|A|C|T|G|+|-|C|G|G|T|G|A|C|T|T|C|T|A|C|A|T|A|G|G|T|A|C|A|T|C|C|T|G|G|T|T|C|-|A|G|C|C|A|C|-|C|A|C|G|G|A|C|G|G
M115A,Hap12,C|C|T|G|C|A|-|A|C|G|C|T|T|T|C|A|C|T|G|+|-|C|G|G|T|G|A|C|G|T|C|T|A|C|A|T|A|G|G|T|A|C|A|T|C|C|T|G|G|T|T|C|-|A|G|C|C|A|C|-|C|A|C|G|G|A|C|G|A
M116A,Hap1,C|C|T|A|C|A|C|A|C|G|C|T|T|T|C|A|C|T|G|+|-|C|G|G|T|G|A|C|T|T|C|T|A|C|A|T|A|G|G|T|A|C|A|T|C|C|T|G|G|T|T|C|-|A|G|C|C|A|C|-|C|A|C|G|G|A|C|G|G
M117A,Hap2,C|C|T|A|C|A|C|A|C|G|C|T|T|C|+|A|C|T|C|T|T|C|G|G|T|G|A|C|G|T|C|T|A|C|A|T|G|G|G|T|G|C|G|T|T|C|C|G|G|T|T|C|A|G|G|T|C|A|C|T|C|A|C|G|G|G|C|G|G
M118A,Hap13,C|C|T|A|C|G|C|A|C|G|C|T|T|T|C|A|C|T|G|+|-|C|G|G|T|G|A|C|G|T|C|T|A|C|A|T|A|G|G|T|A|C|A|T|C|C|T|G|G|T|T|C|-|A|G|C|C|A|C|-|C|A|C|G|G|A|C|G|A
M119A,Hap1,C|C|T|A|C|A|C|A|C|G|C|T|T|T|C|A|C|T|G|+|-|C|G|G|T|G|A|C|T|T|C|T|A|C|A|T|A|G|G|T|A|C|A|T|C|C|T|G|G|T|T|C|-|A|G|C|C|A|C|-|C|A|C|G|G|A|C|G|G
M11A,Hap1,C|C|T|A|C|A|C|A|C|G|C|T|T|T|C|A|C|T|G|+|-|C|G|G|T|G|A|C|T|T|C|T|A|C|A|T|A|G|G|T|A|C|A|T|C|C|T|G|G|T|T|C|-|A|G|C|C|A|C|-|C|A|C|G|G|A|C|G|G
M120A,Hap2,C|C|T|A|C|A|C|A|C|G|C|T|T|C|+|A|C|T|C|T|T|C|G|G|T|G|A|C|G|T|C|T|A|C|A|T|G|G|G|T|G|C|G|T|T|C|C|G|G|T|T|C|A|G|G|T|C|A|C|T|C|A|C|G|G|G|C|G|G
M121A,Hap1,C|C|T|A|C|A|C|A|C|G|C|T|T|T|C|A|C|T|G|+|-|C|G|G|T|G|A|C|T|T|C|T|A|C|A|T|A|G|G|T|A|C|A|T|C|C|T|G|G|T|T|C|-|A|G|C|C|A|C|-|C|A|C|G|G|A|C|G|G
M122A,Hap1,C|C|T|A|C|A|C|A|C|G|C|T|T|T|C|A|C|T|G|+|-|C|G|G|T|G|A|C|T|T|C|T|A|C|A|T|A|G|G|T|A|C|A|T|C|C|T|G|G|T|T|C|-|A|G|C|C|A|C|-|C|A|C|G|G|A|C|G|G
M123A,Hap6,C|C|T|A|C|A|C|A|C|G|C|T|T|T|C|A|C|T|G|+|-|C|G|G|T|G|A|C|G|T|C|T|A|C|A|T|A|G|G|T|A|C|A|T|C|C|T|G|G|T|T|C|-|A|G|C|C|A|C|-|C|A|C|G|G|A|C|G|G
M124A,Hap1,C|C|T|A|C|A|C|A|C|G|C|T|T|T|C|A|C|T|G|+|-|C|G|G|T|G|A|C|T|T|C|T|A|C|A|T|A|G|G|T|A|C|A|T|C|C|T|G|G|T|T|C|-|A|G|C|C|A|C|-|C|A|C|G|G|A|C|G|G
M125A,Hap2,C|C|T|A|C|A|C|A|C|G|C|T|T|C|+|A|C|T|C|T|T|C|G|G|T|G|A|C|G|T|C|T|A|C|A|T|G|G|G|T|G|C|G|T|T|C|C|G|G|T|T|C|A|G|G|T|C|A|C|T|C|A|C|G|G|G|C|G|G
M126A,Hap1,C|C|T|A|C|A|C|A|C|G|C|T|T|T|C|A|C|T|G|+|-|C|G|G|T|G|A|C|T|T|C|T|A|C|A|T|A|G|G|T|A|C|A|T|C|C|T|G|G|T|T|C|-|A|G|C|C|A|C|-|C|A|C|G|G|A|C|G|G
M127A,Hap8,C|C|T|A|C|A|C|A|C|G|C|T|T|T|C|A|C|T|G|+|-|C|G|G|T|A|A|C|T|T|C|T|A|C|A|T|A|G|G|T|A|C|A|T|C|C|T|G|G|T|T|C|-|A|G|C|C|A|C|-|C|A|C|G|G|A|C|G|G
M128A,Hap1,C|C|T|A|C|A|C|A|C|G|C|T|T|T|C|A|C|T|G|+|-|C|G|G|T|G|A|C|T|T|C|T|A|C|A|T|A|G|G|T|A|C|A|T|C|C|T|G|G|T|T|C|-|A|G|C|C|A|C|-|C|A|C|G|G|A|C|G|G
M129A,Hap1,C|C|T|A|C|A|C|A|C|G|C|T|T|T|C|A|C|T|G|+|-|C|G|G|T|G|A|C|T|T|C|T|A|C|A|T|A|G|G|T|A|C|A|T|C|C|T|G|G|T|T|C|-|A|G|C|C|A|C|-|C|A|C|G|G|A|C|G|G
M12A,Hap1,C|C|T|A|C|A|C|A|C|G|C|T|T|T|C|A|C|T|G|+|-|C|G|G|T|G|A|C|T|T|C|T|A|C|A|T|A|G|G|T|A|C|A|T|C|C|T|G|G|T|T|C|-|A|G|C|C|A|C|-|C|A|C|G|G|A|C|G|G
M130A,Hap8,C|C|T|A|C|A|C|A|C|G|C|T|T|T|C|A|C|T|G|+|-|C|G|G|T|A|A|C|T|T|C|T|A|C|A|T|A|G|G|T|A|C|A|T|C|C|T|G|G|T|T|C|-|A|G|C|C|A|C|-|C|A|C|G|G|A|C|G|G
M131A,Hap1,C|C|T|A|C|A|C|A|C|G|C|T|T|T|C|A|C|T|G|+|-|C|G|G|T|G|A|C|T|T|C|T|A|C|A|T|A|G|G|T|A|C|A|T|C|C|T|G|G|T|T|C|-|A|G|C|C|A|C|-|C|A|C|G|G|A|C|G|G
M132A,Hap1,C|C|T|A|C|A|C|A|C|G|C|T|T|T|C|A|C|T|G|+|-|C|G|G|T|G|A|C|T|T|C|T|A|C|A|T|A|G|G|T|A|C|A|T|C|C|T|G|G|T|T|C|-|A|G|C|C|A|C|-|C|A|C|G|G|A|C|G|G
M133A,Hap1,C|C|T|A|C|A|C|A|C|G|C|T|T|T|C|A|C|T|G|+|-|C|G|G|T|G|A|C|T|T|C|T|A|C|A|T|A|G|G|T|A|C|A|T|C|C|T|G|G|T|T|C|-|A|G|C|C|A|C|-|C|A|C|G|G|A|C|G|G
M134A,Hap6,C|C|T|A|C|A|C|A|C|G|C|T|T|T|C|A|C|T|G|+|-|C|G|G|T|G|A|C|G|T|C|T|A|C|A|T|A|G|G|T|A|C|A|T|C|C|T|G|G|T|T|C|-|A|G|C|C|A|C|-|C|A|C|G|G|A|C|G|G
M135A,Hap8,C|C|T|A|C|A|C|A|C|G|C|T|T|T|C|A|C|T|G|+|-|C|G|G|T|A|A|C|T|T|C|T|A|C|A|T|A|G|G|T|A|C|A|T|C|C|T|G|G|T|T|C|-|A|G|C|C|A|C|-|C|A|C|G|G|A|C|G|G
M136A,Hap6,C|C|T|A|C|A|C|A|C|G|C|T|T|T|C|A|C|T|G|+|-|C|G|G|T|G|A|C|G|T|C|T|A|C|A|T|A|G|G|T|A|C|A|T|C|C|T|G|G|T|T|C|-|A|G|C|C|A|C|-|C|A|C|G|G|A|C|G|G
M137A,Hap6,C|C|T|A|C|A|C|A|C|G|C|T|T|T|C|A|C|T|G|+|-|C|G|G|T|G|A|C|G|T|C|T|A|C|A|T|A|G|G|T|A|C|A|T|C|C|T|G|G|T|T|C|-|A|G|C|C|A|C|-|C|A|C|G|G|A|C|G|G
M139A,Hap8,C|C|T|A|C|A|C|A|C|G|C|T|T|T|C|A|C|T|G|+|-|C|G|G|T|A|A|C|T|T|C|T|A|C|A|T|A|G|G|T|A|C|A|T|C|C|T|G|G|T|T|C|-|A|G|C|C|A|C|-|C|A|C|G|G|A|C|G|G
M13A,Hap1,C|C|T|A|C|A|C|A|C|G|C|T|T|T|C|A|C|T|G|+|-|C|G|G|T|G|A|C|T|T|C|T|A|C|A|T|A|G|G|T|A|C|A|T|C|C|T|G|G|T|T|C|-|A|G|C|C|A|C|-|C|A|C|G|G|A|C|G|G
M140A,Hap4,C|C|T|A|C|A|C|A|C|G|C|T|T|T|C|A|C|T|G|+|-|C|G|G|T|G|A|C|T|T|C|T|A|C|A|T|A|G|G|T|A|C|A|T|C|C|T|G|G|T|T|C|-|A|G|C|C|A|C|-|C|G|C|G|G|A|C|G|G
M141A,Hap1,C|C|T|A|C|A|C|A|C|G|C|T|T|T|C|A|C|T|G|+|-|C|G|G|T|G|A|C|T|T|C|T|A|C|A|T|A|G|G|T|A|C|A|T|C|C|T|G|G|T|T|C|-|A|G|C|C|A|C|-|C|A|C|G|G|A|C|G|G
M142A,Hap6,C|C|T|A|C|A|C|A|C|G|C|T|T|T|C|A|C|T|G|+|-|C|G|G|T|G|A|C|G|T|C|T|A|C|A|T|A|G|G|T|A|C|A|T|C|C|T|G|G|T|T|C|-|A|G|C|C|A|C|-|C|A|C|G|G|A|C|G|G
M143A,Hap26,C|C|T|A|C|A|C|A|C|G|C|T|T|T|C|A|C|T|C|T|T|C|G|G|T|G|A|C|G|T|-|G|A|T|G|C|G|G|G|T|G|C|A|T|C|C|C|G|G|T|A|+|A|A|T|C|G|A|C|T|+|A|C|G|G|G|C|G|G
M144A,Hap4,C|C|T|A|C|A|C|A|C|G|C|T|T|T|C|A|C|T|G|+|-|C|G|G|T|G|A|C|T|T|C|T|A|C|A|T|A|G|G|T|A|C|A|T|C|C|T|G|G|T|T|C|-|A|G|C|C|A|C|-|C|G|C|G|G|A|C|G|G
M145A,Hap10,C|C|T|A|C|A|C|A|C|G|C|T|T|T|C|A|C|A|C|T|T|C|G|G|T|G|A|C|G|T|C|T|A|C|A|T|G|G|G|T|G|C|G|T|T|C|C|G|G|T|T|C|A|G|G|T|C|A|C|T|C|A|C|G|G|G|C|G|G
M146A,Hap18,C|C|T|A|C|A|C|A|C|G|C|T|T|T|C|A|C|T|C|T|T|C|G|G|T|G|A|C|G|T|C|T|A|C|A|T|G|G|G|T|G|C|G|T|T|C|C|G|G|T|T|C|A|G|G|T|C|A|C|T|C|A|C|G|G|G|C|G|G
M148A,Hap26,C|C|T|A|C|A|C|A|C|G|C|T|T|T|C|A|C|T|C|T|T|C|G|G|T|G|A|C|G|T|-|G|A|T|G|C|G|G|G|T|G|C|A|T|C|C|C|G|G|T|A|+|A|A|T|C|G|A|C|T|+|A|C|G|G|G|C|G|G
M149A,Hap33,C|C|T|A|C|A|C|A|C|G|T|+|T|T|C|G|C|T|G|+|T|C|G|G|T|G|T|C|G|T|C|T|T|C|A|T|G|G|G|T|G|T|A|T|C|C|C|G|G|T|T|C|A|A|G|T|C|A|C|T|C|A|C|G|G|G|+|-|G
M14A,Hap4,C|C|T|A|C|A|C|A|C|G|C|T|T|T|C|A|C|T|G|+|-|C|G|G|T|G|A|C|T|T|C|T|A|C|A|T|A|G|G|T|A|C|A|T|C|C|T|G|G|T|T|C|-|A|G|C|C|A|C|-|C|G|C|G|G|A|C|G|G
M150A,Hap24,C|C|T|A|C|A|C|A|C|G|T|+|T|T|+|A|C|T|C|T|T|C|G|G|T|G|T|C|G|T|C|T|T|C|A|T|G|G|G|T|G|T|A|T|C|C|C|G|G|T|T|C|A|A|G|T|C|A|C|T|C|A|C|G|G|G|C|G|G
M153A,Hap25,C|C|T|A|C|A|C|A|C|G|T|T|T|T|C|G|C|T|C|T|T|C|C|G|T|G|A|C|G|T|-|G|A|T|G|C|G|G|G|T|G|C|A|T|C|C|C|G|G|T|A|+|A|A|T|C|G|A|C|T|+|A|C|G|G|G|C|G|G
M154A,Hap1,C|C|T|A|C|A|C|A|C|G|C|T|T|T|C|A|C|T|G|+|-|C|G|G|T|G|A|C|T|T|C|T|A|C|A|T|A|G|G|T|A|C|A|T|C|C|T|G|G|T|T|C|-|A|G|C|C|A|C|-|C|A|C|G|G|A|C|G|G
M155A,Hap36,C|C|T|A|C|A|C|A|C|G|T|T|T|T|C|G|C|T|C|T|T|C|C|G|T|G|A|C|G|T|-|G|A|T|G|C|G|G|G|G|G|C|A|T|C|C|C|G|G|T|A|+|A|A|T|C|G|A|C|T|+|A|C|G|G|G|C|G|G
M15A,Hap1,C|C|T|A|C|A|C|A|C|G|C|T|T|T|C|A|C|T|G|+|-|C|G|G|T|G|A|C|T|T|C|T|A|C|A|T|A|G|G|T|A|C|A|T|C|C|T|G|G|T|T|C|-|A|G|C|C|A|C|-|C|A|C|G|G|A|C|G|G
M160A,Hap2,C|C|T|A|C|A|C|A|C|G|C|T|T|C|+|A|C|T|C|T|T|C|G|G|T|G|A|C|G|T|C|T|A|C|A|T|G|G|G|T|G|C|G|T|T|C|C|G|G|T|T|C|A|G|G|T|C|A|C|T|C|A|C|G|G|G|C|G|G
M161A,Hap35,C|C|T|A|C|A|C|A|C|G|C|T|T|T|+|A|C|T|C|T|T|C|G|G|T|G|A|C|G|T|C|T|A|C|A|T|G|G|G|T|G|C|G|T|T|C|C|G|G|T|T|C|A|G|G|T|C|A|C|T|C|A|C|G|G|G|C|G|G
M163A,Hap26,C|C|T|A|C|A|C|A|C|G|C|T|T|T|C|A|C|T|C|T|T|C|G|G|T|G|A|C|G|T|-|G|A|T|G|C|G|G|G|T|G|C|A|T|C|C|C|G|G|T|A|+|A|A|T|C|G|A|C|T|+|A|C|G|G|G|C|G|G
M165A,Hap38,C|C|T|A|C|A|-|A|C|G|C|T|T|C|+|A|C|T|C|T|T|C|G|G|T|G|A|C|G|T|C|T|A|C|A|T|G|G|G|T|G|C|G|T|T|C|C|G|G|T|T|C|A|G|G|T|C|A|C|T|C|A|C|G|G|G|C|G|G
M166A,Hap38,C|C|T|A|C|A|-|A|C|G|C|T|T|C|+|A|C|T|C|T|T|C|G|G|T|G|A|C|G|T|C|T|A|C|A|T|G|G|G|T|G|C|G|T|T|C|C|G|G|T|T|C|A|G|G|T|C|A|C|T|C|A|C|G|G|G|C|G|G
M168A,Hap37,C|C|T|A|C|A|C|A|C|G|C|T|T|C|+|A|C|T|C|T|T|C|G|G|T|G|A|C|G|T|-|G|A|T|G|C|G|G|G|T|G|C|A|T|C|C|C|G|G|T|A|+|A|A|T|C|G|A|C|T|+|A|C|G|G|G|C|G|G
M169A,Hap21,C|C|T|A|C|A|C|A|C|G|C|T|T|T|C|A|C|T|G|+|-|C|G|G|T|G|A|C|G|T|C|T|A|C|A|T|G|G|G|T|A|C|A|T|C|C|T|G|G|T|T|C|-|A|G|C|C|A|C|-|C|A|C|-|G|A|C|G|G
M16A,Hap1,C|C|T|A|C|A|C|A|C|G|C|T|T|T|C|A|C|T|G|+|-|C|G|G|T|G|A|C|T|T|C|T|A|C|A|T|A|G|G|T|A|C|A|T|C|C|T|G|G|T|T|C|-|A|G|C|C|A|C|-|C|A|C|G|G|A|C|G|G
M170A,Hap6,C|C|T|A|C|A|C|A|C|G|C|T|T|T|C|A|C|T|G|+|-|C|G|G|T|G|A|C|G|T|C|T|A|C|A|T|A|G|G|T|A|C|A|T|C|C|T|G|G|T|T|C|-|A|G|C|C|A|C|-|C|A|C|G|G|A|C|G|G
M171A,Hap1,C|C|T|A|C|A|C|A|C|G|C|T|T|T|C|A|C|T|G|+|-|C|G|G|T|G|A|C|T|T|C|T|A|C|A|T|A|G|G|T|A|C|A|T|C|C|T|G|G|T|T|C|-|A|G|C|C|A|C|-|C|A|C|G|G|A|C|G|G
M172A,Hap1,C|C|T|A|C|A|C|A|C|G|C|T|T|T|C|A|C|T|G|+|-|C|G|G|T|G|A|C|T|T|C|T|A|C|A|T|A|G|G|T|A|C|A|T|C|C|T|G|G|T|T|C|-|A|G|C|C|A|C|-|C|A|C|G|G|A|C|G|G
M174A,Hap1,C|C|T|A|C|A|C|A|C|G|C|T|T|T|C|A|C|T|G|+|-|C|G|G|T|G|A|C|T|T|C|T|A|C|A|T|A|G|G|T|A|C|A|T|C|C|T|G|G|T|T|C|-|A|G|C|C|A|C|-|C|A|C|G|G|A|C|G|G
M175A,Hap1,C|C|T|A|C|A|C|A|C|G|C|T|T|T|C|A|C|T|G|+|-|C|G|G|T|G|A|C|T|T|C|T|A|C|A|T|A|G|G|T|A|C|A|T|C|C|T|G|G|T|T|C|-|A|G|C|C|A|C|-|C|A|C|G|G|A|C|G|G
M176A,Hap1,C|C|T|A|C|A|C|A|C|G|C|T|T|T|C|A|C|T|G|+|-|C|G|G|T|G|A|C|T|T|C|T|A|C|A|T|A|G|G|T|A|C|A|T|C|C|T|G|G|T|T|C|-|A|G|C|C|A|C|-|C|A|C|G|G|A|C|G|G
M177A,Hap1,C|C|T|A|C|A|C|A|C|G|C|T|T|T|C|A|C|T|G|+|-|C|G|G|T|G|A|C|T|T|C|T|A|C|A|T|A|G|G|T|A|C|A|T|C|C|T|G|G|T|T|C|-|A|G|C|C|A|C|-|C|A|C|G|G|A|C|G|G
M178A,Hap1,C|C|T|A|C|A|C|A|C|G|C|T|T|T|C|A|C|T|G|+|-|C|G|G|T|G|A|C|T|T|C|T|A|C|A|T|A|G|G|T|A|C|A|T|C|C|T|G|G|T|T|C|-|A|G|C|C|A|C|-|C|A|C|G|G|A|C|G|G
M179A,Hap1,C|C|T|A|C|A|C|A|C|G|C|T|T|T|C|A|C|T|G|+|-|C|G|G|T|G|A|C|T|T|C|T|A|C|A|T|A|G|G|T|A|C|A|T|C|C|T|G|G|T|T|C|-|A|G|C|C|A|C|-|C|A|C|G|G|A|C|G|G
M17A,Hap1,C|C|T|A|C|A|C|A|C|G|C|T|T|T|C|A|C|T|G|+|-|C|G|G|T|G|A|C|T|T|C|T|A|C|A|T|A|G|G|T|A|C|A|T|C|C|T|G|G|T|T|C|-|A|G|C|C|A|C|-|C|A|C|G|G|A|C|G|G
M181A,Hap25,C|C|T|A|C|A|C|A|C|G|T|T|T|T|C|G|C|T|C|T|T|C|C|G|T|G|A|C|G|T|-|G|A|T|G|C|G|G|G|T|G|C|A|T|C|C|C|G|G|T|A|+|A|A|T|C|G|A|C|T|+|A|C|G|G|G|C|G|G
M183A,Hap7,C|C|T|A|G|A|C|A|C|G|C|T|T|C|+|A|C|T|C|T|T|C|G|G|T|G|A|C|G|T|C|T|A|C|A|T|G|G|G|T|G|C|G|T|T|C|C|G|G|T|T|C|A|G|G|T|C|A|C|T|C|A|C|G|G|G|C|G|G
M185A,Hap21,C|C|T|A|C|A|C|A|C|G|C|T|T|T|C|A|C|T|G|+|-|C|G|G|T|G|A|C|G|T|C|T|A|C|A|T|G|G|G|T|A|C|A|T|C|C|T|G|G|T|T|C|-|A|G|C|C|A|C|-|C|A|C|-|G|A|C|G|G
M186A,Hap6,C|C|T|A|C|A|C|A|C|G|C|T|T|T|C|A|C|T|G|+|-|C|G|G|T|G|A|C|G|T|C|T|A|C|A|T|A|G|G|T|A|C|A|T|C|C|T|G|G|T|T|C|-|A|G|C|C|A|C|-|C|A|C|G|G|A|C|G|G
M187A,Hap21,C|C|T|A|C|A|C|A|C|G|C|T|T|T|C|A|C|T|G|+|-|C|G|G|T|G|A|C|G|T|C|T|A|C|A|T|G|G|G|T|A|C|A|T|C|C|T|G|G|T|T|C|-|A|G|C|C|A|C|-|C|A|C|-|G|A|C|G|G
M188A,Hap18,C|C|T|A|C|A|C|A|C|G|C|T|T|T|C|A|C|T|C|T|T|C|G|G|T|G|A|C|G|T|C|T|A|C|A|T|G|G|G|T|G|C|G|T|T|C|C|G|G|T|T|C|A|G|G|T|C|A|C|T|C|A|C|G|G|G|C|G|G
M189A,Hap2,C|C|T|A|C|A|C|A|C|G|C|T|T|C|+|A|C|T|C|T|T|C|G|G|T|G|A|C|G|T|C|T|A|C|A|T|G|G|G|T|G|C|G|T|T|C|C|G|G|T|T|C|A|G|G|T|C|A|C|T|C|A|C|G|G|G|C|G|G
M18A,Hap1,C|C|T|A|C|A|C|A|C|G|C|T|T|T|C|A|C|T|G|+|-|C|G|G|T|G|A|C|T|T|C|T|A|C|A|T|A|G|G|T|A|C|A|T|C|C|T|G|G|T|T|C|-|A|G|C|C|A|C|-|C|A|C|G|G|A|C|G|G
M190A,Hap5,C|C|T|A|C|G|C|A|C|G|C|T|T|T|C|A|C|T|G|+|-|C|G|G|T|G|A|C|G|T|C|T|A|C|A|T|A|G|G|T|A|C|A|T|C|C|T|G|G|T|T|C|-|A|G|C|C|A|C|-|C|G|C|G|G|A|C|G|A
M191A,Hap5,C|C|T|A|C|G|C|A|C|G|C|T|T|T|C|A|C|T|G|+|-|C|G|G|T|G|A|C|G|T|C|T|A|C|A|T|A|G|G|T|A|C|A|T|C|C|T|G|G|T|T|C|-|A|G|C|C|A|C|-|C|G|C|G|G|A|C|G|A
M192A,Hap3,C|C|-|A|C|G|C|A|C|G|C|T|T|T|C|A|C|T|G|+|-|C|G|G|T|G|A|C|G|T|C|T|A|C|A|T|A|G|G|T|A|C|A|T|C|C|T|G|G|T|T|C|-|A|G|C|C|A|C|-|C|G|C|G|G|A|C|G|A
M193A,Hap1,C|C|T|A|C|A|C|A|C|G|C|T|T|T|C|A|C|T|G|+|-|C|G|G|T|G|A|C|T|T|C|T|A|C|A|T|A|G|G|T|A|C|A|T|C|C|T|G|G|T|T|C|-|A|G|C|C|A|C|-|C|A|C|G|G|A|C|G|G
M194A,Hap5,C|C|T|A|C|G|C|A|C|G|C|T|T|T|C|A|C|T|G|+|-|C|G|G|T|G|A|C|G|T|C|T|A|C|A|T|A|G|G|T|A|C|A|T|C|C|T|G|G|T|T|C|-|A|G|C|C|A|C|-|C|G|C|G|G|A|C|G|A
M195A,Hap2,C|C|T|A|C|A|C|A|C|G|C|T|T|C|+|A|C|T|C|T|T|C|G|G|T|G|A|C|G|T|C|T|A|C|A|T|G|G|G|T|G|C|G|T|T|C|C|G|G|T|T|C|A|G|G|T|C|A|C|T|C|A|C|G|G|G|C|G|G
M196A,Hap2,C|C|T|A|C|A|C|A|C|G|C|T|T|C|+|A|C|T|C|T|T|C|G|G|T|G|A|C|G|T|C|T|A|C|A|T|G|G|G|T|G|C|G|T|T|C|C|G|G|T|T|C|A|G|G|T|C|A|C|T|C|A|C|G|G|G|C|G|G
M197A,Hap7,C|C|T|A|G|A|C|A|C|G|C|T|T|C|+|A|C|T|C|T|T|C|G|G|T|G|A|C|G|T|C|T|A|C|A|T|G|G|G|T|G|C|G|T|T|C|C|G|G|T|T|C|A|G|G|T|C|A|C|T|C|A|C|G|G|G|C|G|G
M198A,Hap3,C|C|-|A|C|G|C|A|C|G|C|T|T|T|C|A|C|T|G|+|-|C|G|G|T|G|A|C|G|T|C|T|A|C|A|T|A|G|G|T|A|C|A|T|C|C|T|G|G|T|T|C|-|A|G|C|C|A|C|-|C|G|C|G|G|A|C|G|A
M199A,Hap6,C|C|T|A|C|A|C|A|C|G|C|T|T|T|C|A|C|T|G|+|-|C|G|G|T|G|A|C|G|T|C|T|A|C|A|T|A|G|G|T|A|C|A|T|C|C|T|G|G|T|T|C|-|A|G|C|C|A|C|-|C|A|C|G|G|A|C|G|G
M19A,Hap1,C|C|T|A|C|A|C|A|C|G|C|T|T|T|C|A|C|T|G|+|-|C|G|G|T|G|A|C|T|T|C|T|A|C|A|T|A|G|G|T|A|C|A|T|C|C|T|G|G|T|T|C|-|A|G|C|C|A|C|-|C|A|C|G|G|A|C|G|G
M1A,Hap7,C|C|T|A|G|A|C|A|C|G|C|T|T|C|+|A|C|T|C|T|T|C|G|G|T|G|A|C|G|T|C|T|A|C|A|T|G|G|G|T|G|C|G|T|T|C|C|G|G|T|T|C|A|G|G|T|C|A|C|T|C|A|C|G|G|G|C|G|G
M200A,Hap2,C|C|T|A|C|A|C|A|C|G|C|T|T|C|+|A|C|T|C|T|T|C|G|G|T|G|A|C|G|T|C|T|A|C|A|T|G|G|G|T|G|C|G|T|T|C|C|G|G|T|T|C|A|G|G|T|C|A|C|T|C|A|C|G|G|G|C|G|G
M201A,Hap39,C|C|-|A|C|G|C|A|C|G|C|T|T|T|C|A|C|T|G|+|-|C|G|G|T|G|A|C|G|T|C|T|A|C|A|T|A|G|G|T|A|C|A|T|C|C|T|G|G|T|T|C|-|A|G|C|C|A|C|-|C|A|C|G|G|A|C|G|A
M202A,Hap5,C|C|T|A|C|G|C|A|C|G|C|T|T|T|C|A|C|T|G|+|-|C|G|G|T|G|A|C|G|T|C|T|A|C|A|T|A|G|G|T|A|C|A|T|C|C|T|G|G|T|T|C|-|A|G|C|C|A|C|-|C|G|C|G|G|A|C|G|A
M203A,Hap7,C|C|T|A|G|A|C|A|C|G|C|T|T|C|+|A|C|T|C|T|T|C|G|G|T|G|A|C|G|T|C|T|A|C|A|T|G|G|G|T|G|C|G|T|T|C|C|G|G|T|T|C|A|G|G|T|C|A|C|T|C|A|C|G|G|G|C|G|G
M204A,Hap2,C|C|T|A|C|A|C|A|C|G|C|T|T|C|+|A|C|T|C|T|T|C|G|G|T|G|A|C|G|T|C|T|A|C|A|T|G|G|G|T|G|C|G|T|T|C|C|G|G|T|T|C|A|G|G|T|C|A|C|T|C|A|C|G|G|G|C|G|G
M205A,Hap2,C|C|T|A|C|A|C|A|C|G|C|T|T|C|+|A|C|T|C|T|T|C|G|G|T|G|A|C|G|T|C|T|A|C|A|T|G|G|G|T|G|C|G|T|T|C|C|G|G|T|T|C|A|G|G|T|C|A|C|T|C|A|C|G|G|G|C|G|G
M206A,Hap3,C|C|-|A|C|G|C|A|C|G|C|T|T|T|C|A|C|T|G|+|-|C|G|G|T|G|A|C|G|T|C|T|A|C|A|T|A|G|G|T|A|C|A|T|C|C|T|G|G|T|T|C|-|A|G|C|C|A|C|-|C|G|C|G|G|A|C|G|A
M207A,Hap2,C|C|T|A|C|A|C|A|C|G|C|T|T|C|+|A|C|T|C|T|T|C|G|G|T|G|A|C|G|T|C|T|A|C|A|T|G|G|G|T|G|C|G|T|T|C|C|G|G|T|T|C|A|G|G|T|C|A|C|T|C|A|C|G|G|G|C|G|G
M208A,Hap2,C|C|T|A|C|A|C|A|C|G|C|T|T|C|+|A|C|T|C|T|T|C|G|G|T|G|A|C|G|T|C|T|A|C|A|T|G|G|G|T|G|C|G|T|T|C|C|G|G|T|T|C|A|G|G|T|C|A|C|T|C|A|C|G|G|G|C|G|G
M209A,Hap7,C|C|T|A|G|A|C|A|C|G|C|T|T|C|+|A|C|T|C|T|T|C|G|G|T|G|A|C|G|T|C|T|A|C|A|T|G|G|G|T|G|C|G|T|T|C|C|G|G|T|T|C|A|G|G|T|C|A|C|T|C|A|C|G|G|G|C|G|G
M20A,Hap1,C|C|T|A|C|A|C|A|C|G|C|T|T|T|C|A|C|T|G|+|-|C|G|G|T|G|A|C|T|T|C|T|A|C|A|T|A|G|G|T|A|C|A|T|C|C|T|G|G|T|T|C|-|A|G|C|C|A|C|-|C|A|C|G|G|A|C|G|G
M210A,Hap3,C|C|-|A|C|G|C|A|C|G|C|T|T|T|C|A|C|T|G|+|-|C|G|G|T|G|A|C|G|T|C|T|A|C|A|T|A|G|G|T|A|C|A|T|C|C|T|G|G|T|T|C|-|A|G|C|C|A|C|-|C|G|C|G|G|A|C|G|A
M211A,Hap15,C|C|T|A|C|G|C|A|C|G|T|T|T|T|+|G|C|T|C|T|T|C|G|G|T|G|T|T|G|T|C|T|T|C|A|T|G|T|G|T|G|T|A|T|C|C|C|G|G|T|T|C|A|A|G|T|C|C|C|T|C|A|C|G|C|G|C|G|G
M212A,Hap15,C|C|T|A|C|G|C|A|C|G|T|T|T|T|+|G|C|T|C|T|T|C|G|G|T|G|T|T|G|T|C|T|T|C|A|T|G|T|G|T|G|T|A|T|C|C|C|G|G|T|T|C|A|A|G|T|C|C|C|T|C|A|C|G|C|G|C|G|G
M213A,Hap5,C|C|T|A|C|G|C|A|C|G|C|T|T|T|C|A|C|T|G|+|-|C|G|G|T|G|A|C|G|T|C|T|A|C|A|T|A|G|G|T|A|C|A|T|C|C|T|G|G|T|T|C|-|A|G|C|C|A|C|-|C|G|C|G|G|A|C|G|A
M214A,Hap4,C|C|T|A|C|A|C|A|C|G|C|T|T|T|C|A|C|T|G|+|-|C|G|G|T|G|A|C|T|T|C|T|A|C|A|T|A|G|G|T|A|C|A|T|C|C|T|G|G|T|T|C|-|A|G|C|C|A|C|-|C|G|C|G|G|A|C|G|G
M215A,Hap34,-|C|T|A|C|A|-|A|C|G|C|T|T|C|+|A|C|T|C|T|T|C|G|G|T|G|A|C|G|T|C|T|A|C|A|T|G|G|G|T|G|C|G|T|T|C|C|G|G|T|T|C|A|G|G|T|C|A|C|T|C|A|C|G|G|G|C|G|G
M216A,Hap10,C|C|T|A|C|A|C|A|C|G|C|T|T|T|C|A|C|A|C|T|T|C|G|G|T|G|A|C|G|T|C|T|A|C|A|T|G|G|G|T|G|C|G|T|T|C|C|G|G|T|T|C|A|G|G|T|C|A|C|T|C|A|C|G|G|G|C|G|G
M217A,Hap16,C|C|T|A|C|A|C|A|T|G|C|T|T|C|+|A|C|T|C|T|T|C|G|G|T|G|A|C|G|T|C|T|A|C|A|T|G|G|G|T|G|C|G|T|T|C|C|G|G|T|T|C|A|G|G|T|C|A|T|T|C|A|C|G|G|G|C|G|G
M218A,Hap2,C|C|T|A|C|A|C|A|C|G|C|T|T|C|+|A|C|T|C|T|T|C|G|G|T|G|A|C|G|T|C|T|A|C|A|T|G|G|G|T|G|C|G|T|T|C|C|G|G|T|T|C|A|G|G|T|C|A|C|T|C|A|C|G|G|G|C|G|G
M219A,Hap34,-|C|T|A|C|A|-|A|C|G|C|T|T|C|+|A|C|T|C|T|T|C|G|G|T|G|A|C|G|T|C|T|A|C|A|T|G|G|G|T|G|C|G|T|T|C|C|G|G|T|T|C|A|G|G|T|C|A|C|T|C|A|C|G|G|G|C|G|G
M21A,Hap4,C|C|T|A|C|A|C|A|C|G|C|T|T|T|C|A|C|T|G|+|-|C|G|G|T|G|A|C|T|T|C|T|A|C|A|T|A|G|G|T|A|C|A|T|C|C|T|G|G|T|T|C|-|A|G|C|C|A|C|-|C|G|C|G|G|A|C|G|G
M220A,Hap6,C|C|T|A|C|A|C|A|C|G|C|T|T|T|C|A|C|T|G|+|-|C|G|G|T|G|A|C|G|T|C|T|A|C|A|T|A|G|G|T|A|C|A|T|C|C|T|G|G|T|T|C|-|A|G|C|C|A|C|-|C|A|C|G|G|A|C|G|G
M221A,Hap2,C|C|T|A|C|A|C|A|C|G|C|T|T|C|+|A|C|T|C|T|T|C|G|G|T|G|A|C|G|T|C|T|A|C|A|T|G|G|G|T|G|C|G|T|T|C|C|G|G|T|T|C|A|G|G|T|C|A|C|T|C|A|C|G|G|G|C|G|G
M222A,Hap4,C|C|T|A|C|A|C|A|C|G|C|T|T|T|C|A|C|T|G|+|-|C|G|G|T|G|A|C|T|T|C|T|A|C|A|T|A|G|G|T|A|C|A|T|C|C|T|G|G|T|T|C|-|A|G|C|C|A|C|-|C|G|C|G|G|A|C|G|G
M223A,Hap2,C|C|T|A|C|A|C|A|C|G|C|T|T|C|+|A|C|T|C|T|T|C|G|G|T|G|A|C|G|T|C|T|A|C|A|T|G|G|G|T|G|C|G|T|T|C|C|G|G|T|T|C|A|G|G|T|C|A|C|T|C|A|C|G|G|G|C|G|G
M224A,Hap5,C|C|T|A|C|G|C|A|C|G|C|T|T|T|C|A|C|T|G|+|-|C|G|G|T|G|A|C|G|T|C|T|A|C|A|T|A|G|G|T|A|C|A|T|C|C|T|G|G|T|T|C|-|A|G|C|C|A|C|-|C|G|C|G|G|A|C|G|A
M225A,Hap5,C|C|T|A|C|G|C|A|C|G|C|T|T|T|C|A|C|T|G|+|-|C|G|G|T|G|A|C|G|T|C|T|A|C|A|T|A|G|G|T|A|C|A|T|C|C|T|G|G|T|T|C|-|A|G|C|C|A|C|-|C|G|C|G|G|A|C|G|A
M226A,Hap2,C|C|T|A|C|A|C|A|C|G|C|T|T|C|+|A|C|T|C|T|T|C|G|G|T|G|A|C|G|T|C|T|A|C|A|T|G|G|G|T|G|C|G|T|T|C|C|G|G|T|T|C|A|G|G|T|C|A|C|T|C|A|C|G|G|G|C|G|G
M228A,Hap3,C|C|-|A|C|G|C|A|C|G|C|T|T|T|C|A|C|T|G|+|-|C|G|G|T|G|A|C|G|T|C|T|A|C|A|T|A|G|G|T|A|C|A|T|C|C|T|G|G|T|T|C|-|A|G|C|C|A|C|-|C|G|C|G|G|A|C|G|A
M229A,Hap9,C|-|T|A|C|A|C|A|C|G|C|T|T|T|C|A|C|A|C|T|T|C|G|G|T|G|A|C|G|T|C|T|A|C|A|T|G|G|G|T|G|C|G|T|T|C|C|G|G|T|T|C|A|G|G|T|C|A|C|T|C|A|C|G|G|G|C|G|G
M22A,Hap8,C|C|T|A|C|A|C|A|C|G|C|T|T|T|C|A|C|T|G|+|-|C|G|G|T|A|A|C|T|T|C|T|A|C|A|T|A|G|G|T|A|C|A|T|C|C|T|G|G|T|T|C|-|A|G|C|C|A|C|-|C|A|C|G|G|A|C|G|G
M230A,Hap9,C|-|T|A|C|A|C|A|C|G|C|T|T|T|C|A|C|A|C|T|T|C|G|G|T|G|A|C|G|T|C|T|A|C|A|T|G|G|G|T|G|C|G|T|T|C|C|G|G|T|T|C|A|G|G|T|C|A|C|T|C|A|C|G|G|G|C|G|G
M232A,Hap3,C|C|-|A|C|G|C|A|C|G|C|T|T|T|C|A|C|T|G|+|-|C|G|G|T|G|A|C|G|T|C|T|A|C|A|T|A|G|G|T|A|C|A|T|C|C|T|G|G|T|T|C|-|A|G|C|C|A|C|-|C|G|C|G|G|A|C|G|A
M234A,Hap3,C|C|-|A|C|G|C|A|C|G|C|T|T|T|C|A|C|T|G|+|-|C|G|G|T|G|A|C|G|T|C|T|A|C|A|T|A|G|G|T|A|C|A|T|C|C|T|G|G|T|T|C|-|A|G|C|C|A|C|-|C|G|C|G|G|A|C|G|A
M235A,Hap6,C|C|T|A|C|A|C|A|C|G|C|T|T|T|C|A|C|T|G|+|-|C|G|G|T|G|A|C|G|T|C|T|A|C|A|T|A|G|G|T|A|C|A|T|C|C|T|G|G|T|T|C|-|A|G|C|C|A|C|-|C|A|C|G|G|A|C|G|G
M236A,Hap2,C|C|T|A|C|A|C|A|C|G|C|T|T|C|+|A|C|T|C|T|T|C|G|G|T|G|A|C|G|T|C|T|A|C|A|T|G|G|G|T|G|C|G|T|T|C|C|G|G|T|T|C|A|G|G|T|C|A|C|T|C|A|C|G|G|G|C|G|G
M237A,Hap3,C|C|-|A|C|G|C|A|C|G|C|T|T|T|C|A|C|T|G|+|-|C|G|G|T|G|A|C|G|T|C|T|A|C|A|T|A|G|G|T|A|C|A|T|C|C|T|G|G|T|T|C|-|A|G|C|C|A|C|-|C|G|C|G|G|A|C|G|A
M238A,Hap2,C|C|T|A|C|A|C|A|C|G|C|T|T|C|+|A|C|T|C|T|T|C|G|G|T|G|A|C|G|T|C|T|A|C|A|T|G|G|G|T|G|C|G|T|T|C|C|G|G|T|T|C|A|G|G|T|C|A|C|T|C|A|C|G|G|G|C|G|G
M23A,Hap1,C|C|T|A|C|A|C|A|C|G|C|T|T|T|C|A|C|T|G|+|-|C|G|G|T|G|A|C|T|T|C|T|A|C|A|T|A|G|G|T|A|C|A|T|C|C|T|G|G|T|T|C|-|A|G|C|C|A|C|-|C|A|C|G|G|A|C|G|G
M240A,Hap3,C|C|-|A|C|G|C|A|C|G|C|T|T|T|C|A|C|T|G|+|-|C|G|G|T|G|A|C|G|T|C|T|A|C|A|T|A|G|G|T|A|C|A|T|C|C|T|G|G|T|T|C|-|A|G|C|C|A|C|-|C|G|C|G|G|A|C|G|A
M241A,Hap3,C|C|-|A|C|G|C|A|C|G|C|T|T|T|C|A|C|T|G|+|-|C|G|G|T|G|A|C|G|T|C|T|A|C|A|T|A|G|G|T|A|C|A|T|C|C|T|G|G|T|T|C|-|A|G|C|C|A|C|-|C|G|C|G|G|A|C|G|A
M242A,Hap24,C|C|T|A|C|A|C|A|C|G|T|+|T|T|+|A|C|T|C|T|T|C|G|G|T|G|T|C|G|T|C|T|T|C|A|T|G|G|G|T|G|T|A|T|C|C|C|G|G|T|T|C|A|A|G|T|C|A|C|T|C|A|C|G|G|G|C|G|G
M243A,Hap5,C|C|T|A|C|G|C|A|C|G|C|T|T|T|C|A|C|T|G|+|-|C|G|G|T|G|A|C|G|T|C|T|A|C|A|T|A|G|G|T|A|C|A|T|C|C|T|G|G|T|T|C|-|A|G|C|C|A|C|-|C|G|C|G|G|A|C|G|A
M244A,Hap3,C|C|-|A|C|G|C|A|C|G|C|T|T|T|C|A|C|T|G|+|-|C|G|G|T|G|A|C|G|T|C|T|A|C|A|T|A|G|G|T|A|C|A|T|C|C|T|G|G|T|T|C|-|A|G|C|C|A|C|-|C|G|C|G|G|A|C|G|A
M245A,Hap2,C|C|T|A|C|A|C|A|C|G|C|T|T|C|+|A|C|T|C|T|T|C|G|G|T|G|A|C|G|T|C|T|A|C|A|T|G|G|G|T|G|C|G|T|T|C|C|G|G|T|T|C|A|G|G|T|C|A|C|T|C|A|C|G|G|G|C|G|G
M246A,Hap2,C|C|T|A|C|A|C|A|C|G|C|T|T|C|+|A|C|T|C|T|T|C|G|G|T|G|A|C|G|T|C|T|A|C|A|T|G|G|G|T|G|C|G|T|T|C|C|G|G|T|T|C|A|G|G|T|C|A|C|T|C|A|C|G|G|G|C|G|G
M247A,Hap3,C|C|-|A|C|G|C|A|C|G|C|T|T|T|C|A|C|T|G|+|-|C|G|G|T|G|A|C|G|T|C|T|A|C|A|T|A|G|G|T|A|C|A|T|C|C|T|G|G|T|T|C|-|A|G|C|C|A|C|-|C|G|C|G|G|A|C|G|A
M248A,Hap3,C|C|-|A|C|G|C|A|C|G|C|T|T|T|C|A|C|T|G|+|-|C|G|G|T|G|A|C|G|T|C|T|A|C|A|T|A|G|G|T|A|C|A|T|C|C|T|G|G|T|T|C|-|A|G|C|C|A|C|-|C|G|C|G|G|A|C|G|A
M249A,Hap3,C|C|-|A|C|G|C|A|C|G|C|T|T|T|C|A|C|T|G|+|-|C|G|G|T|G|A|C|G|T|C|T|A|C|A|T|A|G|G|T|A|C|A|T|C|C|T|G|G|T|T|C|-|A|G|C|C|A|C|-|C|G|C|G|G|A|C|G|A
M24A,Hap1,C|C|T|A|C|A|C|A|C|G|C|T|T|T|C|A|C|T|G|+|-|C|G|G|T|G|A|C|T|T|C|T|A|C|A|T|A|G|G|T|A|C|A|T|C|C|T|G|G|T|T|C|-|A|G|C|C|A|C|-|C|A|C|G|G|A|C|G|G
M250A,Hap13,C|C|T|A|C|G|C|A|C|G|C|T|T|T|C|A|C|T|G|+|-|C|G|G|T|G|A|C|G|T|C|T|A|C|A|T|A|G|G|T|A|C|A|T|C|C|T|G|G|T|T|C|-|A|G|C|C|A|C|-|C|A|C|G|G|A|C|G|A
M251A,Hap11,C|C|T|A|C|A|-|A|C|G|T|T|T|T|C|A|C|T|C|T|-|C|G|G|T|G|A|C|G|T|C|T|A|C|A|T|G|G|G|T|G|C|G|T|T|-|C|G|G|T|T|C|A|G|G|T|C|A|C|T|C|A|C|G|C|G|C|G|G
M252A,Hap13,C|C|T|A|C|G|C|A|C|G|C|T|T|T|C|A|C|T|G|+|-|C|G|G|T|G|A|C|G|T|C|T|A|C|A|T|A|G|G|T|A|C|A|T|C|C|T|G|G|T|T|C|-|A|G|C|C|A|C|-|C|A|C|G|G|A|C|G|A
M253A,Hap3,C|C|-|A|C|G|C|A|C|G|C|T|T|T|C|A|C|T|G|+|-|C|G|G|T|G|A|C|G|T|C|T|A|C|A|T|A|G|G|T|A|C|A|T|C|C|T|G|G|T|T|C|-|A|G|C|C|A|C|-|C|G|C|G|G|A|C|G|A
M254A,Hap3,C|C|-|A|C|G|C|A|C|G|C|T|T|T|C|A|C|T|G|+|-|C|G|G|T|G|A|C|G|T|C|T|A|C|A|T|A|G|G|T|A|C|A|T|C|C|T|G|G|T|T|C|-|A|G|C|C|A|C|-|C|G|C|G|G|A|C|G|A
M255A,Hap4,C|C|T|A|C|A|C|A|C|G|C|T|T|T|C|A|C|T|G|+|-|C|G|G|T|G|A|C|T|T|C|T|A|C|A|T|A|G|G|T|A|C|A|T|C|C|T|G|G|T|T|C|-|A|G|C|C|A|C|-|C|G|C|G|G|A|C|G|G
M256A,Hap17,C|C|T|A|C|A|C|A|C|G|C|T|T|T|C|A|C|T|G|+|-|C|G|G|T|G|A|C|G|T|C|T|A|C|A|T|A|G|G|T|A|C|A|T|C|C|T|G|G|T|T|C|-|A|G|C|C|A|C|-|C|A|C|G|G|A|C|G|A
M257A,Hap3,C|C|-|A|C|G|C|A|C|G|C|T|T|T|C|A|C|T|G|+|-|C|G|G|T|G|A|C|G|T|C|T|A|C|A|T|A|G|G|T|A|C|A|T|C|C|T|G|G|T|T|C|-|A|G|C|C|A|C|-|C|G|C|G|G|A|C|G|A
M258A,Hap3,C|C|-|A|C|G|C|A|C|G|C|T|T|T|C|A|C|T|G|+|-|C|G|G|T|G|A|C|G|T|C|T|A|C|A|T|A|G|G|T|A|C|A|T|C|C|T|G|G|T|T|C|-|A|G|C|C|A|C|-|C|G|C|G|G|A|C|G|A
M259A,Hap3,C|C|-|A|C|G|C|A|C|G|C|T|T|T|C|A|C|T|G|+|-|C|G|G|T|G|A|C|G|T|C|T|A|C|A|T|A|G|G|T|A|C|A|T|C|C|T|G|G|T|T|C|-|A|G|C|C|A|C|-|C|G|C|G|G|A|C|G|A
M25A,Hap2,C|C|T|A|C|A|C|A|C|G|C|T|T|C|+|A|C|T|C|T|T|C|G|G|T|G|A|C|G|T|C|T|A|C|A|T|G|G|G|T|G|C|G|T|T|C|C|G|G|T|T|C|A|G|G|T|C|A|C|T|C|A|C|G|G|G|C|G|G
M260A,Hap3,C|C|-|A|C|G|C|A|C|G|C|T|T|T|C|A|C|T|G|+|-|C|G|G|T|G|A|C|G|T|C|T|A|C|A|T|A|G|G|T|A|C|A|T|C|C|T|G|G|T|T|C|-|A|G|C|C|A|C|-|C|G|C|G|G|A|C|G|A
M261A,Hap3,C|C|-|A|C|G|C|A|C|G|C|T|T|T|C|A|C|T|G|+|-|C|G|G|T|G|A|C|G|T|C|T|A|C|A|T|A|G|G|T|A|C|A|T|C|C|T|G|G|T|T|C|-|A|G|C|C|A|C|-|C|G|C|G|G|A|C|G|A
M263A,Hap3,C|C|-|A|C|G|C|A|C|G|C|T|T|T|C|A|C|T|G|+|-|C|G|G|T|G|A|C|G|T|C|T|A|C|A|T|A|G|G|T|A|C|A|T|C|C|T|G|G|T|T|C|-|A|G|C|C|A|C|-|C|G|C|G|G|A|C|G|A
M264A,Hap4,C|C|T|A|C|A|C|A|C|G|C|T|T|T|C|A|C|T|G|+|-|C|G|G|T|G|A|C|T|T|C|T|A|C|A|T|A|G|G|T|A|C|A|T|C|C|T|G|G|T|T|C|-|A|G|C|C|A|C|-|C|G|C|G|G|A|C|G|G
M265A,Hap2,C|C|T|A|C|A|C|A|C|G|C|T|T|C|+|A|C|T|C|T|T|C|G|G|T|G|A|C|G|T|C|T|A|C|A|T|G|G|G|T|G|C|G|T|T|C|C|G|G|T|T|C|A|G|G|T|C|A|C|T|C|A|C|G|G|G|C|G|G
M266A,Hap2,C|C|T|A|C|A|C|A|C|G|C|T|T|C|+|A|C|T|C|T|T|C|G|G|T|G|A|C|G|T|C|T|A|C|A|T|G|G|G|T|G|C|G|T|T|C|C|G|G|T|T|C|A|G|G|T|C|A|C|T|C|A|C|G|G|G|C|G|G
M267A,Hap3,C|C|-|A|C|G|C|A|C|G|C|T|T|T|C|A|C|T|G|+|-|C|G|G|T|G|A|C|G|T|C|T|A|C|A|T|A|G|G|T|A|C|A|T|C|C|T|G|G|T|T|C|-|A|G|C|C|A|C|-|C|G|C|G|G|A|C|G|A
M268A,Hap3,C|C|-|A|C|G|C|A|C|G|C|T|T|T|C|A|C|T|G|+|-|C|G|G|T|G|A|C|G|T|C|T|A|C|A|T|A|G|G|T|A|C|A|T|C|C|T|G|G|T|T|C|-|A|G|C|C|A|C|-|C|G|C|G|G|A|C|G|A
M269A,Hap4,C|C|T|A|C|A|C|A|C|G|C|T|T|T|C|A|C|T|G|+|-|C|G|G|T|G|A|C|T|T|C|T|A|C|A|T|A|G|G|T|A|C|A|T|C|C|T|G|G|T|T|C|-|A|G|C|C|A|C|-|C|G|C|G|G|A|C|G|G
M26A,Hap5,C|C|T|A|C|G|C|A|C|G|C|T|T|T|C|A|C|T|G|+|-|C|G|G|T|G|A|C|G|T|C|T|A|C|A|T|A|G|G|T|A|C|A|T|C|C|T|G|G|T|T|C|-|A|G|C|C|A|C|-|C|G|C|G|G|A|C|G|A
M270A,Hap4,C|C|T|A|C|A|C|A|C|G|C|T|T|T|C|A|C|T|G|+|-|C|G|G|T|G|A|C|T|T|C|T|A|C|A|T|A|G|G|T|A|C|A|T|C|C|T|G|G|T|T|C|-|A|G|C|C|A|C|-|C|G|C|G|G|A|C|G|G
M271A,Hap41,C|C|T|A|C|A|C|A|C|G|T|T|T|T|C|G|C|T|C|T|T|C|G|G|T|G|A|C|G|T|-|G|A|T|G|C|G|G|G|T|G|C|A|T|C|C|C|G|G|T|A|+|A|A|T|C|G|A|C|T|+|A|C|G|G|G|C|G|G
M272A,Hap4,C|C|T|A|C|A|C|A|C|G|C|T|T|T|C|A|C|T|G|+|-|C|G|G|T|G|A|C|T|T|C|T|A|C|A|T|A|G|G|T|A|C|A|T|C|C|T|G|G|T|T|C|-|A|G|C|C|A|C|-|C|G|C|G|G|A|C|G|G
M273A,Hap3,C|C|-|A|C|G|C|A|C|G|C|T|T|T|C|A|C|T|G|+|-|C|G|G|T|G|A|C|G|T|C|T|A|C|A|T|A|G|G|T|A|C|A|T|C|C|T|G|G|T|T|C|-|A|G|C|C|A|C|-|C|G|C|G|G|A|C|G|A
M274A,Hap2,C|C|T|A|C|A|C|A|C|G|C|T|T|C|+|A|C|T|C|T|T|C|G|G|T|G|A|C|G|T|C|T|A|C|A|T|G|G|G|T|G|C|G|T|T|C|C|G|G|T|T|C|A|G|G|T|C|A|C|T|C|A|C|G|G|G|C|G|G
M275A,Hap4,C|C|T|A|C|A|C|A|C|G|C|T|T|T|C|A|C|T|G|+|-|C|G|G|T|G|A|C|T|T|C|T|A|C|A|T|A|G|G|T|A|C|A|T|C|C|T|G|G|T|T|C|-|A|G|C|C|A|C|-|C|G|C|G|G|A|C|G|G
M276A,Hap3,C|C|-|A|C|G|C|A|C|G|C|T|T|T|C|A|C|T|G|+|-|C|G|G|T|G|A|C|G|T|C|T|A|C|A|T|A|G|G|T|A|C|A|T|C|C|T|G|G|T|T|C|-|A|G|C|C|A|C|-|C|G|C|G|G|A|C|G|A
M277A,Hap3,C|C|-|A|C|G|C|A|C|G|C|T|T|T|C|A|C|T|G|+|-|C|G|G|T|G|A|C|G|T|C|T|A|C|A|T|A|G|G|T|A|C|A|T|C|C|T|G|G|T|T|C|-|A|G|C|C|A|C|-|C|G|C|G|G|A|C|G|A
M279A,Hap2,C|C|T|A|C|A|C|A|C|G|C|T|T|C|+|A|C|T|C|T|T|C|G|G|T|G|A|C|G|T|C|T|A|C|A|T|G|G|G|T|G|C|G|T|T|C|C|G|G|T|T|C|A|G|G|T|C|A|C|T|C|A|C|G|G|G|C|G|G
M27A,Hap1,C|C|T|A|C|A|C|A|C|G|C|T|T|T|C|A|C|T|G|+|-|C|G|G|T|G|A|C|T|T|C|T|A|C|A|T|A|G|G|T|A|C|A|T|C|C|T|G|G|T|T|C|-|A|G|C|C|A|C|-|C|A|C|G|G|A|C|G|G
M280A,Hap10,C|C|T|A|C|A|C|A|C|G|C|T|T|T|C|A|C|A|C|T|T|C|G|G|T|G|A|C|G|T|C|T|A|C|A|T|G|G|G|T|G|C|G|T|T|C|C|G|G|T|T|C|A|G|G|T|C|A|C|T|C|A|C|G|G|G|C|G|G
M281A,Hap2,C|C|T|A|C|A|C|A|C|G|C|T|T|C|+|A|C|T|C|T|T|C|G|G|T|G|A|C|G|T|C|T|A|C|A|T|G|G|G|T|G|C|G|T|T|C|C|G|G|T|T|C|A|G|G|T|C|A|C|T|C|A|C|G|G|G|C|G|G
M282A,Hap2,C|C|T|A|C|A|C|A|C|G|C|T|T|C|+|A|C|T|C|T|T|C|G|G|T|G|A|C|G|T|C|T|A|C|A|T|G|G|G|T|G|C|G|T|T|C|C|G|G|T|T|C|A|G|G|T|C|A|C|T|C|A|C|G|G|G|C|G|G
M283A,Hap3,C|C|-|A|C|G|C|A|C|G|C|T|T|T|C|A|C|T|G|+|-|C|G|G|T|G|A|C|G|T|C|T|A|C|A|T|A|G|G|T|A|C|A|T|C|C|T|G|G|T|T|C|-|A|G|C|C|A|C|-|C|G|C|G|G|A|C|G|A
M284A,Hap2,C|C|T|A|C|A|C|A|C|G|C|T|T|C|+|A|C|T|C|T|T|C|G|G|T|G|A|C|G|T|C|T|A|C|A|T|G|G|G|T|G|C|G|T|T|C|C|G|G|T|T|C|A|G|G|T|C|A|C|T|C|A|C|G|G|G|C|G|G
M286A,Hap3,C|C|-|A|C|G|C|A|C|G|C|T|T|T|C|A|C|T|G|+|-|C|G|G|T|G|A|C|G|T|C|T|A|C|A|T|A|G|G|T|A|C|A|T|C|C|T|G|G|T|T|C|-|A|G|C|C|A|C|-|C|G|C|G|G|A|C|G|A
M288A,Hap14,C|C|-|A|C|A|-|A|C|G|C|T|T|C|C|A|C|T|C|T|T|C|G|G|T|G|A|C|G|T|C|T|A|C|A|T|G|G|G|T|G|C|G|T|T|C|C|G|G|T|T|C|A|G|G|T|C|A|C|T|C|A|C|G|G|G|C|G|G
M289A,Hap2,C|C|T|A|C|A|C|A|C|G|C|T|T|C|+|A|C|T|C|T|T|C|G|G|T|G|A|C|G|T|C|T|A|C|A|T|G|G|G|T|G|C|G|T|T|C|C|G|G|T|T|C|A|G|G|T|C|A|C|T|C|A|C|G|G|G|C|G|G
M28A,Hap1,C|C|T|A|C|A|C|A|C|G|C|T|T|T|C|A|C|T|G|+|-|C|G|G|T|G|A|C|T|T|C|T|A|C|A|T|A|G|G|T|A|C|A|T|C|C|T|G|G|T|T|C|-|A|G|C|C|A|C|-|C|A|C|G|G|A|C|G|G
M290A,Hap2,C|C|T|A|C|A|C|A|C|G|C|T|T|C|+|A|C|T|C|T|T|C|G|G|T|G|A|C|G|T|C|T|A|C|A|T|G|G|G|T|G|C|G|T|T|C|C|G|G|T|T|C|A|G|G|T|C|A|C|T|C|A|C|G|G|G|C|G|G
M291A,Hap2,C|C|T|A|C|A|C|A|C|G|C|T|T|C|+|A|C|T|C|T|T|C|G|G|T|G|A|C|G|T|C|T|A|C|A|T|G|G|G|T|G|C|G|T|T|C|C|G|G|T|T|C|A|G|G|T|C|A|C|T|C|A|C|G|G|G|C|G|G
M292A,Hap2,C|C|T|A|C|A|C|A|C|G|C|T|T|C|+|A|C|T|C|T|T|C|G|G|T|G|A|C|G|T|C|T|A|C|A|T|G|G|G|T|G|C|G|T|T|C|C|G|G|T|T|C|A|G|G|T|C|A|C|T|C|A|C|G|G|G|C|G|G
M293A,Hap4,C|C|T|A|C|A|C|A|C|G|C|T|T|T|C|A|C|T|G|+|-|C|G|G|T|G|A|C|T|T|C|T|A|C|A|T|A|G|G|T|A|C|A|T|C|C|T|G|G|T|T|C|-|A|G|C|C|A|C|-|C|G|C|G|G|A|C|G|G
M294A,Hap2,C|C|T|A|C|A|C|A|C|G|C|T|T|C|+|A|C|T|C|T|T|C|G|G|T|G|A|C|G|T|C|T|A|C|A|T|G|G|G|T|G|C|G|T|T|C|C|G|G|T|T|C|A|G|G|T|C|A|C|T|C|A|C|G|G|G|C|G|G
M295A,Hap1,C|C|T|A|C|A|C|A|C|G|C|T|T|T|C|A|C|T|G|+|-|C|G|G|T|G|A|C|T|T|C|T|A|C|A|T|A|G|G|T|A|C|A|T|C|C|T|G|G|T|T|C|-|A|G|C|C|A|C|-|C|A|C|G|G|A|C|G|G
M296A,Hap2,C|C|T|A|C|A|C|A|C|G|C|T|T|C|+|A|C|T|C|T|T|C|G|G|T|G|A|C|G|T|C|T|A|C|A|T|G|G|G|T|G|C|G|T|T|C|C|G|G|T|T|C|A|G|G|T|C|A|C|T|C|A|C|G|G|G|C|G|G
M297A,Hap3,C|C|-|A|C|G|C|A|C|G|C|T|T|T|C|A|C|T|G|+|-|C|G|G|T|G|A|C|G|T|C|T|A|C|A|T|A|G|G|T|A|C|A|T|C|C|T|G|G|T|T|C|-|A|G|C|C|A|C|-|C|G|C|G|G|A|C|G|A
M298A,Hap15,C|C|T|A|C|G|C|A|C|G|T|T|T|T|+|G|C|T|C|T|T|C|G|G|T|G|T|T|G|T|C|T|T|C|A|T|G|T|G|T|G|T|A|T|C|C|C|G|G|T|T|C|A|A|G|T|C|C|C|T|C|A|C|G|C|G|C|G|G
M299A,Hap2,C|C|T|A|C|A|C|A|C|G|C|T|T|C|+|A|C|T|C|T|T|C|G|G|T|G|A|C|G|T|C|T|A|C|A|T|G|G|G|T|G|C|G|T|T|C|C|G|G|T|T|C|A|G|G|T|C|A|C|T|C|A|C|G|G|G|C|G|G
M29A,Hap1,C|C|T|A|C|A|C|A|C|G|C|T|T|T|C|A|C|T|G|+|-|C|G|G|T|G|A|C|T|T|C|T|A|C|A|T|A|G|G|T|A|C|A|T|C|C|T|G|G|T|T|C|-|A|G|C|C|A|C|-|C|A|C|G|G|A|C|G|G
M2A,Hap18,C|C|T|A|C|A|C|A|C|G|C|T|T|T|C|A|C|T|C|T|T|C|G|G|T|G|A|C|G|T|C|T|A|C|A|T|G|G|G|T|G|C|G|T|T|C|C|G|G|T|T|C|A|G|G|T|C|A|C|T|C|A|C|G|G|G|C|G|G
M3-2A,Hap1,C|C|T|A|C|A|C|A|C|G|C|T|T|T|C|A|C|T|G|+|-|C|G|G|T|G|A|C|T|T|C|T|A|C|A|T|A|G|G|T|A|C|A|T|C|C|T|G|G|T|T|C|-|A|G|C|C|A|C|-|C|A|C|G|G|A|C|G|G
M300A,Hap3,C|C|-|A|C|G|C|A|C|G|C|T|T|T|C|A|C|T|G|+|-|C|G|G|T|G|A|C|G|T|C|T|A|C|A|T|A|G|G|T|A|C|A|T|C|C|T|G|G|T|T|C|-|A|G|C|C|A|C|-|C|G|C|G|G|A|C|G|A
M301A,Hap22,C|C|T|A|C|A|C|A|C|G|C|T|T|T|C|A|C|T|G|+|T|C|G|G|T|G|A|C|G|T|C|T|A|C|A|T|G|G|G|T|A|C|A|T|C|C|T|G|G|T|T|C|-|A|G|C|C|A|C|-|C|G|C|G|G|A|C|G|G
M302A,Hap3,C|C|-|A|C|G|C|A|C|G|C|T|T|T|C|A|C|T|G|+|-|C|G|G|T|G|A|C|G|T|C|T|A|C|A|T|A|G|G|T|A|C|A|T|C|C|T|G|G|T|T|C|-|A|G|C|C|A|C|-|C|G|C|G|G|A|C|G|A
M303A,Hap20,C|C|T|A|C|A|C|A|C|A|C|T|C|T|+|A|T|T|C|T|T|C|G|G|-|G|A|C|G|T|-|G|A|T|G|C|G|G|G|T|G|C|A|T|C|C|C|G|A|T|A|+|A|A|T|C|G|A|C|T|+|A|C|G|G|G|C|G|G
M304A,Hap19,C|C|T|A|C|A|-|A|C|G|C|T|T|T|C|A|C|T|G|+|-|C|G|G|T|G|A|C|G|T|C|T|A|C|A|T|A|G|G|T|A|C|A|T|C|C|T|G|G|T|T|C|-|A|G|C|C|A|C|-|C|A|C|G|G|A|C|G|A
M305A,Hap19,C|C|T|A|C|A|-|A|C|G|C|T|T|T|C|A|C|T|G|+|-|C|G|G|T|G|A|C|G|T|C|T|A|C|A|T|A|G|G|T|A|C|A|T|C|C|T|G|G|T|T|C|-|A|G|C|C|A|C|-|C|A|C|G|G|A|C|G|A
M306A,Hap2,C|C|T|A|C|A|C|A|C|G|C|T|T|C|+|A|C|T|C|T|T|C|G|G|T|G|A|C|G|T|C|T|A|C|A|T|G|G|G|T|G|C|G|T|T|C|C|G|G|T|T|C|A|G|G|T|C|A|C|T|C|A|C|G|G|G|C|G|G
M307A,Hap3,C|C|-|A|C|G|C|A|C|G|C|T|T|T|C|A|C|T|G|+|-|C|G|G|T|G|A|C|G|T|C|T|A|C|A|T|A|G|G|T|A|C|A|T|C|C|T|G|G|T|T|C|-|A|G|C|C|A|C|-|C|G|C|G|G|A|C|G|A
M308A,Hap2,C|C|T|A|C|A|C|A|C|G|C|T|T|C|+|A|C|T|C|T|T|C|G|G|T|G|A|C|G|T|C|T|A|C|A|T|G|G|G|T|G|C|G|T|T|C|C|G|G|T|T|C|A|G|G|T|C|A|C|T|C|A|C|G|G|G|C|G|G
M309A,Hap3,C|C|-|A|C|G|C|A|C|G|C|T|T|T|C|A|C|T|G|+|-|C|G|G|T|G|A|C|G|T|C|T|A|C|A|T|A|G|G|T|A|C|A|T|C|C|T|G|G|T|T|C|-|A|G|C|C|A|C|-|C|G|C|G|G|A|C|G|A
M30A,Hap1,C|C|T|A|C|A|C|A|C|G|C|T|T|T|C|A|C|T|G|+|-|C|G|G|T|G|A|C|T|T|C|T|A|C|A|T|A|G|G|T|A|C|A|T|C|C|T|G|G|T|T|C|-|A|G|C|C|A|C|-|C|A|C|G|G|A|C|G|G
M310A,Hap3,C|C|-|A|C|G|C|A|C|G|C|T|T|T|C|A|C|T|G|+|-|C|G|G|T|G|A|C|G|T|C|T|A|C|A|T|A|G|G|T|A|C|A|T|C|C|T|G|G|T|T|C|-|A|G|C|C|A|C|-|C|G|C|G|G|A|C|G|A
M311A,Hap7,C|C|T|A|G|A|C|A|C|G|C|T|T|C|+|A|C|T|C|T|T|C|G|G|T|G|A|C|G|T|C|T|A|C|A|T|G|G|G|T|G|C|G|T|T|C|C|G|G|T|T|C|A|G|G|T|C|A|C|T|C|A|C|G|G|G|C|G|G
M312A,Hap9,C|-|T|A|C|A|C|A|C|G|C|T|T|T|C|A|C|A|C|T|T|C|G|G|T|G|A|C|G|T|C|T|A|C|A|T|G|G|G|T|G|C|G|T|T|C|C|G|G|T|T|C|A|G|G|T|C|A|C|T|C|A|C|G|G|G|C|G|G
M313A,Hap7,C|C|T|A|G|A|C|A|C|G|C|T|T|C|+|A|C|T|C|T|T|C|G|G|T|G|A|C|G|T|C|T|A|C|A|T|G|G|G|T|G|C|G|T|T|C|C|G|G|T|T|C|A|G|G|T|C|A|C|T|C|A|C|G|G|G|C|G|G
M314A,Hap15,C|C|T|A|C|G|C|A|C|G|T|T|T|T|+|G|C|T|C|T|T|C|G|G|T|G|T|T|G|T|C|T|T|C|A|T|G|T|G|T|G|T|A|T|C|C|C|G|G|T|T|C|A|A|G|T|C|C|C|T|C|A|C|G|C|G|C|G|G
M315A,Hap9,C|-|T|A|C|A|C|A|C|G|C|T|T|T|C|A|C|A|C|T|T|C|G|G|T|G|A|C|G|T|C|T|A|C|A|T|G|G|G|T|G|C|G|T|T|C|C|G|G|T|T|C|A|G|G|T|C|A|C|T|C|A|C|G|G|G|C|G|G
M316A,Hap9,C|-|T|A|C|A|C|A|C|G|C|T|T|T|C|A|C|A|C|T|T|C|G|G|T|G|A|C|G|T|C|T|A|C|A|T|G|G|G|T|G|C|G|T|T|C|C|G|G|T|T|C|A|G|G|T|C|A|C|T|C|A|C|G|G|G|C|G|G
M318A,Hap5,C|C|T|A|C|G|C|A|C|G|C|T|T|T|C|A|C|T|G|+|-|C|G|G|T|G|A|C|G|T|C|T|A|C|A|T|A|G|G|T|A|C|A|T|C|C|T|G|G|T|T|C|-|A|G|C|C|A|C|-|C|G|C|G|G|A|C|G|A
M319A,Hap13,C|C|T|A|C|G|C|A|C|G|C|T|T|T|C|A|C|T|G|+|-|C|G|G|T|G|A|C|G|T|C|T|A|C|A|T|A|G|G|T|A|C|A|T|C|C|T|G|G|T|T|C|-|A|G|C|C|A|C|-|C|A|C|G|G|A|C|G|A
M31A,Hap42,-|C|T|A|C|A|C|A|C|G|C|T|T|T|C|A|C|A|C|T|T|C|G|G|T|G|A|C|G|T|-|G|A|T|G|C|G|G|G|T|G|C|A|T|C|C|C|G|G|G|A|+|A|A|T|C|G|A|C|T|+|A|C|G|G|G|+|-|G
M320A,Hap15,C|C|T|A|C|G|C|A|C|G|T|T|T|T|+|G|C|T|C|T|T|C|G|G|T|G|T|T|G|T|C|T|T|C|A|T|G|T|G|T|G|T|A|T|C|C|C|G|G|T|T|C|A|A|G|T|C|C|C|T|C|A|C|G|C|G|C|G|G
M321A,Hap2,C|C|T|A|C|A|C|A|C|G|C|T|T|C|+|A|C|T|C|T|T|C|G|G|T|G|A|C|G|T|C|T|A|C|A|T|G|G|G|T|G|C|G|T|T|C|C|G|G|T|T|C|A|G|G|T|C|A|C|T|C|A|C|G|G|G|C|G|G
M322A,Hap2,C|C|T|A|C|A|C|A|C|G|C|T|T|C|+|A|C|T|C|T|T|C|G|G|T|G|A|C|G|T|C|T|A|C|A|T|G|G|G|T|G|C|G|T|T|C|C|G|G|T|T|C|A|G|G|T|C|A|C|T|C|A|C|G|G|G|C|G|G
M323A,Hap3,C|C|-|A|C|G|C|A|C|G|C|T|T|T|C|A|C|T|G|+|-|C|G|G|T|G|A|C|G|T|C|T|A|C|A|T|A|G|G|T|A|C|A|T|C|C|T|G|G|T|T|C|-|A|G|C|C|A|C|-|C|G|C|G|G|A|C|G|A
M324A,Hap2,C|C|T|A|C|A|C|A|C|G|C|T|T|C|+|A|C|T|C|T|T|C|G|G|T|G|A|C|G|T|C|T|A|C|A|T|G|G|G|T|G|C|G|T|T|C|C|G|G|T|T|C|A|G|G|T|C|A|C|T|C|A|C|G|G|G|C|G|G
M325A,Hap2,C|C|T|A|C|A|C|A|C|G|C|T|T|C|+|A|C|T|C|T|T|C|G|G|T|G|A|C|G|T|C|T|A|C|A|T|G|G|G|T|G|C|G|T|T|C|C|G|G|T|T|C|A|G|G|T|C|A|C|T|C|A|C|G|G|G|C|G|G
M326A,Hap2,C|C|T|A|C|A|C|A|C|G|C|T|T|C|+|A|C|T|C|T|T|C|G|G|T|G|A|C|G|T|C|T|A|C|A|T|G|G|G|T|G|C|G|T|T|C|C|G|G|T|T|C|A|G|G|T|C|A|C|T|C|A|C|G|G|G|C|G|G
M327A,Hap15,C|C|T|A|C|G|C|A|C|G|T|T|T|T|+|G|C|T|C|T|T|C|G|G|T|G|T|T|G|T|C|T|T|C|A|T|G|T|G|T|G|T|A|T|C|C|C|G|G|T|T|C|A|A|G|T|C|C|C|T|C|A|C|G|C|G|C|G|G
M328A,Hap4,C|C|T|A|C|A|C|A|C|G|C|T|T|T|C|A|C|T|G|+|-|C|G|G|T|G|A|C|T|T|C|T|A|C|A|T|A|G|G|T|A|C|A|T|C|C|T|G|G|T|T|C|-|A|G|C|C|A|C|-|C|G|C|G|G|A|C|G|G
M329A,Hap5,C|C|T|A|C|G|C|A|C|G|C|T|T|T|C|A|C|T|G|+|-|C|G|G|T|G|A|C|G|T|C|T|A|C|A|T|A|G|G|T|A|C|A|T|C|C|T|G|G|T|T|C|-|A|G|C|C|A|C|-|C|G|C|G|G|A|C|G|A
M32A,Hap8,C|C|T|A|C|A|C|A|C|G|C|T|T|T|C|A|C|T|G|+|-|C|G|G|T|A|A|C|T|T|C|T|A|C|A|T|A|G|G|T|A|C|A|T|C|C|T|G|G|T|T|C|-|A|G|C|C|A|C|-|C|A|C|G|G|A|C|G|G
M330A,Hap2,C|C|T|A|C|A|C|A|C|G|C|T|T|C|+|A|C|T|C|T|T|C|G|G|T|G|A|C|G|T|C|T|A|C|A|T|G|G|G|T|G|C|G|T|T|C|C|G|G|T|T|C|A|G|G|T|C|A|C|T|C|A|C|G|G|G|C|G|G
M331A,Hap15,C|C|T|A|C|G|C|A|C|G|T|T|T|T|+|G|C|T|C|T|T|C|G|G|T|G|T|T|G|T|C|T|T|C|A|T|G|T|G|T|G|T|A|T|C|C|C|G|G|T|T|C|A|A|G|T|C|C|C|T|C|A|C|G|C|G|C|G|G
M332A,Hap3,C|C|-|A|C|G|C|A|C|G|C|T|T|T|C|A|C|T|G|+|-|C|G|G|T|G|A|C|G|T|C|T|A|C|A|T|A|G|G|T|A|C|A|T|C|C|T|G|G|T|T|C|-|A|G|C|C|A|C|-|C|G|C|G|G|A|C|G|A
M333A,Hap2,C|C|T|A|C|A|C|A|C|G|C|T|T|C|+|A|C|T|C|T|T|C|G|G|T|G|A|C|G|T|C|T|A|C|A|T|G|G|G|T|G|C|G|T|T|C|C|G|G|T|T|C|A|G|G|T|C|A|C|T|C|A|C|G|G|G|C|G|G
M335A,Hap5,C|C|T|A|C|G|C|A|C|G|C|T|T|T|C|A|C|T|G|+|-|C|G|G|T|G|A|C|G|T|C|T|A|C|A|T|A|G|G|T|A|C|A|T|C|C|T|G|G|T|T|C|-|A|G|C|C|A|C|-|C|G|C|G|G|A|C|G|A
M336A,Hap24,C|C|T|A|C|A|C|A|C|G|T|+|T|T|+|A|C|T|C|T|T|C|G|G|T|G|T|C|G|T|C|T|T|C|A|T|G|G|G|T|G|T|A|T|C|C|C|G|G|T|T|C|A|A|G|T|C|A|C|T|C|A|C|G|G|G|C|G|G
M337A,Hap3,C|C|-|A|C|G|C|A|C|G|C|T|T|T|C|A|C|T|G|+|-|C|G|G|T|G|A|C|G|T|C|T|A|C|A|T|A|G|G|T|A|C|A|T|C|C|T|G|G|T|T|C|-|A|G|C|C|A|C|-|C|G|C|G|G|A|C|G|A
M338A,Hap3,C|C|-|A|C|G|C|A|C|G|C|T|T|T|C|A|C|T|G|+|-|C|G|G|T|G|A|C|G|T|C|T|A|C|A|T|A|G|G|T|A|C|A|T|C|C|T|G|G|T|T|C|-|A|G|C|C|A|C|-|C|G|C|G|G|A|C|G|A
M339A,Hap5,C|C|T|A|C|G|C|A|C|G|C|T|T|T|C|A|C|T|G|+|-|C|G|G|T|G|A|C|G|T|C|T|A|C|A|T|A|G|G|T|A|C|A|T|C|C|T|G|G|T|T|C|-|A|G|C|C|A|C|-|C|G|C|G|G|A|C|G|A
M33A,Hap1,C|C|T|A|C|A|C|A|C|G|C|T|T|T|C|A|C|T|G|+|-|C|G|G|T|G|A|C|T|T|C|T|A|C|A|T|A|G|G|T|A|C|A|T|C|C|T|G|G|T|T|C|-|A|G|C|C|A|C|-|C|A|C|G|G|A|C|G|G
M340A,Hap39,C|C|-|A|C|G|C|A|C|G|C|T|T|T|C|A|C|T|G|+|-|C|G|G|T|G|A|C|G|T|C|T|A|C|A|T|A|G|G|T|A|C|A|T|C|C|T|G|G|T|T|C|-|A|G|C|C|A|C|-|C|A|C|G|G|A|C|G|A
M341A,Hap12,C|C|T|G|C|A|-|A|C|G|C|T|T|T|C|A|C|T|G|+|-|C|G|G|T|G|A|C|G|T|C|T|A|C|A|T|A|G|G|T|A|C|A|T|C|C|T|G|G|T|T|C|-|A|G|C|C|A|C|-|C|A|C|G|G|A|C|G|A
M342A,Hap5,C|C|T|A|C|G|C|A|C|G|C|T|T|T|C|A|C|T|G|+|-|C|G|G|T|G|A|C|G|T|C|T|A|C|A|T|A|G|G|T|A|C|A|T|C|C|T|G|G|T|T|C|-|A|G|C|C|A|C|-|C|G|C|G|G|A|C|G|A
M343A,Hap14,C|C|-|A|C|A|-|A|C|G|C|T|T|C|C|A|C|T|C|T|T|C|G|G|T|G|A|C|G|T|C|T|A|C|A|T|G|G|G|T|G|C|G|T|T|C|C|G|G|T|T|C|A|G|G|T|C|A|C|T|C|A|C|G|G|G|C|G|G
M344A,Hap2,C|C|T|A|C|A|C|A|C|G|C|T|T|C|+|A|C|T|C|T|T|C|G|G|T|G|A|C|G|T|C|T|A|C|A|T|G|G|G|T|G|C|G|T|T|C|C|G|G|T|T|C|A|G|G|T|C|A|C|T|C|A|C|G|G|G|C|G|G
M345A,Hap3,C|C|-|A|C|G|C|A|C|G|C|T|T|T|C|A|C|T|G|+|-|C|G|G|T|G|A|C|G|T|C|T|A|C|A|T|A|G|G|T|A|C|A|T|C|C|T|G|G|T|T|C|-|A|G|C|C|A|C|-|C|G|C|G|G|A|C|G|A
M346A,Hap2,C|C|T|A|C|A|C|A|C|G|C|T|T|C|+|A|C|T|C|T|T|C|G|G|T|G|A|C|G|T|C|T|A|C|A|T|G|G|G|T|G|C|G|T|T|C|C|G|G|T|T|C|A|G|G|T|C|A|C|T|C|A|C|G|G|G|C|G|G
M347A,Hap3,C|C|-|A|C|G|C|A|C|G|C|T|T|T|C|A|C|T|G|+|-|C|G|G|T|G|A|C|G|T|C|T|A|C|A|T|A|G|G|T|A|C|A|T|C|C|T|G|G|T|T|C|-|A|G|C|C|A|C|-|C|G|C|G|G|A|C|G|A
M348A,Hap3,C|C|-|A|C|G|C|A|C|G|C|T|T|T|C|A|C|T|G|+|-|C|G|G|T|G|A|C|G|T|C|T|A|C|A|T|A|G|G|T|A|C|A|T|C|C|T|G|G|T|T|C|-|A|G|C|C|A|C|-|C|G|C|G|G|A|C|G|A
M349A,Hap10,C|C|T|A|C|A|C|A|C|G|C|T|T|T|C|A|C|A|C|T|T|C|G|G|T|G|A|C|G|T|C|T|A|C|A|T|G|G|G|T|G|C|G|T|T|C|C|G|G|T|T|C|A|G|G|T|C|A|C|T|C|A|C|G|G|G|C|G|G
M34A,Hap1,C|C|T|A|C|A|C|A|C|G|C|T|T|T|C|A|C|T|G|+|-|C|G|G|T|G|A|C|T|T|C|T|A|C|A|T|A|G|G|T|A|C|A|T|C|C|T|G|G|T|T|C|-|A|G|C|C|A|C|-|C|A|C|G|G|A|C|G|G
M350A,Hap3,C|C|-|A|C|G|C|A|C|G|C|T|T|T|C|A|C|T|G|+|-|C|G|G|T|G|A|C|G|T|C|T|A|C|A|T|A|G|G|T|A|C|A|T|C|C|T|G|G|T|T|C|-|A|G|C|C|A|C|-|C|G|C|G|G|A|C|G|A
M351A,Hap2,C|C|T|A|C|A|C|A|C|G|C|T|T|C|+|A|C|T|C|T|T|C|G|G|T|G|A|C|G|T|C|T|A|C|A|T|G|G|G|T|G|C|G|T|T|C|C|G|G|T|T|C|A|G|G|T|C|A|C|T|C|A|C|G|G|G|C|G|G
M352A,Hap3,C|C|-|A|C|G|C|A|C|G|C|T|T|T|C|A|C|T|G|+|-|C|G|G|T|G|A|C|G|T|C|T|A|C|A|T|A|G|G|T|A|C|A|T|C|C|T|G|G|T|T|C|-|A|G|C|C|A|C|-|C|G|C|G|G|A|C|G|A
M353A,Hap43,-|C|T|A|C|A|-|A|C|G|C|T|T|T|C|A|C|T|C|T|T|C|G|G|T|G|A|C|G|T|-|G|A|T|G|C|G|G|G|T|G|C|A|T|C|C|C|G|G|G|A|+|A|A|T|C|G|A|C|T|+|A|C|G|G|G|+|-|G
M354A,Hap9,C|-|T|A|C|A|C|A|C|G|C|T|T|T|C|A|C|A|C|T|T|C|G|G|T|G|A|C|G|T|C|T|A|C|A|T|G|G|G|T|G|C|G|T|T|C|C|G|G|T|T|C|A|G|G|T|C|A|C|T|C|A|C|G|G|G|C|G|G
M355A,Hap7,C|C|T|A|G|A|C|A|C|G|C|T|T|C|+|A|C|T|C|T|T|C|G|G|T|G|A|C|G|T|C|T|A|C|A|T|G|G|G|T|G|C|G|T|T|C|C|G|G|T|T|C|A|G|G|T|C|A|C|T|C|A|C|G|G|G|C|G|G
M356A,Hap10,C|C|T|A|C|A|C|A|C|G|C|T|T|T|C|A|C|A|C|T|T|C|G|G|T|G|A|C|G|T|C|T|A|C|A|T|G|G|G|T|G|C|G|T|T|C|C|G|G|T|T|C|A|G|G|T|C|A|C|T|C|A|C|G|G|G|C|G|G
M357A,Hap4,C|C|T|A|C|A|C|A|C|G|C|T|T|T|C|A|C|T|G|+|-|C|G|G|T|G|A|C|T|T|C|T|A|C|A|T|A|G|G|T|A|C|A|T|C|C|T|G|G|T|T|C|-|A|G|C|C|A|C|-|C|G|C|G|G|A|C|G|G
M358A,Hap3,C|C|-|A|C|G|C|A|C|G|C|T|T|T|C|A|C|T|G|+|-|C|G|G|T|G|A|C|G|T|C|T|A|C|A|T|A|G|G|T|A|C|A|T|C|C|T|G|G|T|T|C|-|A|G|C|C|A|C|-|C|G|C|G|G|A|C|G|A
M359A,Hap3,C|C|-|A|C|G|C|A|C|G|C|T|T|T|C|A|C|T|G|+|-|C|G|G|T|G|A|C|G|T|C|T|A|C|A|T|A|G|G|T|A|C|A|T|C|C|T|G|G|T|T|C|-|A|G|C|C|A|C|-|C|G|C|G|G|A|C|G|A
M35A,Hap8,C|C|T|A|C|A|C|A|C|G|C|T|T|T|C|A|C|T|G|+|-|C|G|G|T|A|A|C|T|T|C|T|A|C|A|T|A|G|G|T|A|C|A|T|C|C|T|G|G|T|T|C|-|A|G|C|C|A|C|-|C|A|C|G|G|A|C|G|G
M360A,Hap5,C|C|T|A|C|G|C|A|C|G|C|T|T|T|C|A|C|T|G|+|-|C|G|G|T|G|A|C|G|T|C|T|A|C|A|T|A|G|G|T|A|C|A|T|C|C|T|G|G|T|T|C|-|A|G|C|C|A|C|-|C|G|C|G|G|A|C|G|A
M361A,Hap3,C|C|-|A|C|G|C|A|C|G|C|T|T|T|C|A|C|T|G|+|-|C|G|G|T|G|A|C|G|T|C|T|A|C|A|T|A|G|G|T|A|C|A|T|C|C|T|G|G|T|T|C|-|A|G|C|C|A|C|-|C|G|C|G|G|A|C|G|A
M362A,Hap5,C|C|T|A|C|G|C|A|C|G|C|T|T|T|C|A|C|T|G|+|-|C|G|G|T|G|A|C|G|T|C|T|A|C|A|T|A|G|G|T|A|C|A|T|C|C|T|G|G|T|T|C|-|A|G|C|C|A|C|-|C|G|C|G|G|A|C|G|A
M363A,Hap2,C|C|T|A|C|A|C|A|C|G|C|T|T|C|+|A|C|T|C|T|T|C|G|G|T|G|A|C|G|T|C|T|A|C|A|T|G|G|G|T|G|C|G|T|T|C|C|G|G|T|T|C|A|G|G|T|C|A|C|T|C|A|C|G|G|G|C|G|G
M364A,Hap9,C|-|T|A|C|A|C|A|C|G|C|T|T|T|C|A|C|A|C|T|T|C|G|G|T|G|A|C|G|T|C|T|A|C|A|T|G|G|G|T|G|C|G|T|T|C|C|G|G|T|T|C|A|G|G|T|C|A|C|T|C|A|C|G|G|G|C|G|G
M365A,Hap3,C|C|-|A|C|G|C|A|C|G|C|T|T|T|C|A|C|T|G|+|-|C|G|G|T|G|A|C|G|T|C|T|A|C|A|T|A|G|G|T|A|C|A|T|C|C|T|G|G|T|T|C|-|A|G|C|C|A|C|-|C|G|C|G|G|A|C|G|A
M366A,Hap3,C|C|-|A|C|G|C|A|C|G|C|T|T|T|C|A|C|T|G|+|-|C|G|G|T|G|A|C|G|T|C|T|A|C|A|T|A|G|G|T|A|C|A|T|C|C|T|G|G|T|T|C|-|A|G|C|C|A|C|-|C|G|C|G|G|A|C|G|A
M368A,Hap4,C|C|T|A|C|A|C|A|C|G|C|T|T|T|C|A|C|T|G|+|-|C|G|G|T|G|A|C|T|T|C|T|A|C|A|T|A|G|G|T|A|C|A|T|C|C|T|G|G|T|T|C|-|A|G|C|C|A|C|-|C|G|C|G|G|A|C|G|G
M369A,Hap3,C|C|-|A|C|G|C|A|C|G|C|T|T|T|C|A|C|T|G|+|-|C|G|G|T|G|A|C|G|T|C|T|A|C|A|T|A|G|G|T|A|C|A|T|C|C|T|G|G|T|T|C|-|A|G|C|C|A|C|-|C|G|C|G|G|A|C|G|A
M36A,Hap13,C|C|T|A|C|G|C|A|C|G|C|T|T|T|C|A|C|T|G|+|-|C|G|G|T|G|A|C|G|T|C|T|A|C|A|T|A|G|G|T|A|C|A|T|C|C|T|G|G|T|T|C|-|A|G|C|C|A|C|-|C|A|C|G|G|A|C|G|A
M370A,Hap3,C|C|-|A|C|G|C|A|C|G|C|T|T|T|C|A|C|T|G|+|-|C|G|G|T|G|A|C|G|T|C|T|A|C|A|T|A|G|G|T|A|C|A|T|C|C|T|G|G|T|T|C|-|A|G|C|C|A|C|-|C|G|C|G|G|A|C|G|A
M371A,Hap2,C|C|T|A|C|A|C|A|C|G|C|T|T|C|+|A|C|T|C|T|T|C|G|G|T|G|A|C|G|T|C|T|A|C|A|T|G|G|G|T|G|C|G|T|T|C|C|G|G|T|T|C|A|G|G|T|C|A|C|T|C|A|C|G|G|G|C|G|G
M372A,Hap3,C|C|-|A|C|G|C|A|C|G|C|T|T|T|C|A|C|T|G|+|-|C|G|G|T|G|A|C|G|T|C|T|A|C|A|T|A|G|G|T|A|C|A|T|C|C|T|G|G|T|T|C|-|A|G|C|C|A|C|-|C|G|C|G|G|A|C|G|A
M373A,Hap7,C|C|T|A|G|A|C|A|C|G|C|T|T|C|+|A|C|T|C|T|T|C|G|G|T|G|A|C|G|T|C|T|A|C|A|T|G|G|G|T|G|C|G|T|T|C|C|G|G|T|T|C|A|G|G|T|C|A|C|T|C|A|C|G|G|G|C|G|G
M374A,Hap5,C|C|T|A|C|G|C|A|C|G|C|T|T|T|C|A|C|T|G|+|-|C|G|G|T|G|A|C|G|T|C|T|A|C|A|T|A|G|G|T|A|C|A|T|C|C|T|G|G|T|T|C|-|A|G|C|C|A|C|-|C|G|C|G|G|A|C|G|A
M375A,Hap20,C|C|T|A|C|A|C|A|C|A|C|T|C|T|+|A|T|T|C|T|T|C|G|G|-|G|A|C|G|T|-|G|A|T|G|C|G|G|G|T|G|C|A|T|C|C|C|G|A|T|A|+|A|A|T|C|G|A|C|T|+|A|C|G|G|G|C|G|G
M377A,Hap3,C|C|-|A|C|G|C|A|C|G|C|T|T|T|C|A|C|T|G|+|-|C|G|G|T|G|A|C|G|T|C|T|A|C|A|T|A|G|G|T|A|C|A|T|C|C|T|G|G|T|T|C|-|A|G|C|C|A|C|-|C|G|C|G|G|A|C|G|A
M378A,Hap12,C|C|T|G|C|A|-|A|C|G|C|T|T|T|C|A|C|T|G|+|-|C|G|G|T|G|A|C|G|T|C|T|A|C|A|T|A|G|G|T|A|C|A|T|C|C|T|G|G|T|T|C|-|A|G|C|C|A|C|-|C|A|C|G|G|A|C|G|A
M379A,Hap7,C|C|T|A|G|A|C|A|C|G|C|T|T|C|+|A|C|T|C|T|T|C|G|G|T|G|A|C|G|T|C|T|A|C|A|T|G|G|G|T|G|C|G|T|T|C|C|G|G|T|T|C|A|G|G|T|C|A|C|T|C|A|C|G|G|G|C|G|G
M37A,Hap18,C|C|T|A|C|A|C|A|C|G|C|T|T|T|C|A|C|T|C|T|T|C|G|G|T|G|A|C|G|T|C|T|A|C|A|T|G|G|G|T|G|C|G|T|T|C|C|G|G|T|T|C|A|G|G|T|C|A|C|T|C|A|C|G|G|G|C|G|G
M380A,Hap2,C|C|T|A|C|A|C|A|C|G|C|T|T|C|+|A|C|T|C|T|T|C|G|G|T|G|A|C|G|T|C|T|A|C|A|T|G|G|G|T|G|C|G|T|T|C|C|G|G|T|T|C|A|G|G|T|C|A|C|T|C|A|C|G|G|G|C|G|G
M381A,Hap17,C|C|T|A|C|A|C|A|C|G|C|T|T|T|C|A|C|T|G|+|-|C|G|G|T|G|A|C|G|T|C|T|A|C|A|T|A|G|G|T|A|C|A|T|C|C|T|G|G|T|T|C|-|A|G|C|C|A|C|-|C|A|C|G|G|A|C|G|A
M382A,Hap1,C|C|T|A|C|A|C|A|C|G|C|T|T|T|C|A|C|T|G|+|-|C|G|G|T|G|A|C|T|T|C|T|A|C|A|T|A|G|G|T|A|C|A|T|C|C|T|G|G|T|T|C|-|A|G|C|C|A|C|-|C|A|C|G|G|A|C|G|G
M383A,Hap40,C|C|T|A|C|A|C|A|C|G|C|T|T|T|C|A|C|T|G|+|-|C|G|G|T|G|A|C|G|T|C|T|A|C|A|T|G|G|G|T|A|C|A|T|C|C|T|G|G|T|T|C|-|A|G|C|C|A|C|-|C|G|C|G|G|A|C|G|G
M384A,Hap1,C|C|T|A|C|A|C|A|C|G|C|T|T|T|C|A|C|T|G|+|-|C|G|G|T|G|A|C|T|T|C|T|A|C|A|T|A|G|G|T|A|C|A|T|C|C|T|G|G|T|T|C|-|A|G|C|C|A|C|-|C|A|C|G|G|A|C|G|G
M385A,Hap2,C|C|T|A|C|A|C|A|C|G|C|T|T|C|+|A|C|T|C|T|T|C|G|G|T|G|A|C|G|T|C|T|A|C|A|T|G|G|G|T|G|C|G|T|T|C|C|G|G|T|T|C|A|G|G|T|C|A|C|T|C|A|C|G|G|G|C|G|G
M386A,Hap2,C|C|T|A|C|A|C|A|C|G|C|T|T|C|+|A|C|T|C|T|T|C|G|G|T|G|A|C|G|T|C|T|A|C|A|T|G|G|G|T|G|C|G|T|T|C|C|G|G|T|T|C|A|G|G|T|C|A|C|T|C|A|C|G|G|G|C|G|G
M387A,Hap2,C|C|T|A|C|A|C|A|C|G|C|T|T|C|+|A|C|T|C|T|T|C|G|G|T|G|A|C|G|T|C|T|A|C|A|T|G|G|G|T|G|C|G|T|T|C|C|G|G|T|T|C|A|G|G|T|C|A|C|T|C|A|C|G|G|G|C|G|G
M388A,Hap2,C|C|T|A|C|A|C|A|C|G|C|T|T|C|+|A|C|T|C|T|T|C|G|G|T|G|A|C|G|T|C|T|A|C|A|T|G|G|G|T|G|C|G|T|T|C|C|G|G|T|T|C|A|G|G|T|C|A|C|T|C|A|C|G|G|G|C|G|G
M38A,Hap2,C|C|T|A|C|A|C|A|C|G|C|T|T|C|+|A|C|T|C|T|T|C|G|G|T|G|A|C|G|T|C|T|A|C|A|T|G|G|G|T|G|C|G|T|T|C|C|G|G|T|T|C|A|G|G|T|C|A|C|T|C|A|C|G|G|G|C|G|G
M390A,Hap18,C|C|T|A|C|A|C|A|C|G|C|T|T|T|C|A|C|T|C|T|T|C|G|G|T|G|A|C|G|T|C|T|A|C|A|T|G|G|G|T|G|C|G|T|T|C|C|G|G|T|T|C|A|G|G|T|C|A|C|T|C|A|C|G|G|G|C|G|G
M391A,Hap3,C|C|-|A|C|G|C|A|C|G|C|T|T|T|C|A|C|T|G|+|-|C|G|G|T|G|A|C|G|T|C|T|A|C|A|T|A|G|G|T|A|C|A|T|C|C|T|G|G|T|T|C|-|A|G|C|C|A|C|-|C|G|C|G|G|A|C|G|A
M392A,Hap1,C|C|T|A|C|A|C|A|C|G|C|T|T|T|C|A|C|T|G|+|-|C|G|G|T|G|A|C|T|T|C|T|A|C|A|T|A|G|G|T|A|C|A|T|C|C|T|G|G|T|T|C|-|A|G|C|C|A|C|-|C|A|C|G|G|A|C|G|G
M393A,Hap2,C|C|T|A|C|A|C|A|C|G|C|T|T|C|+|A|C|T|C|T|T|C|G|G|T|G|A|C|G|T|C|T|A|C|A|T|G|G|G|T|G|C|G|T|T|C|C|G|G|T|T|C|A|G|G|T|C|A|C|T|C|A|C|G|G|G|C|G|G
M394A,Hap24,C|C|T|A|C|A|C|A|C|G|T|+|T|T|+|A|C|T|C|T|T|C|G|G|T|G|T|C|G|T|C|T|T|C|A|T|G|G|G|T|G|T|A|T|C|C|C|G|G|T|T|C|A|A|G|T|C|A|C|T|C|A|C|G|G|G|C|G|G
M395A,Hap7,C|C|T|A|G|A|C|A|C|G|C|T|T|C|+|A|C|T|C|T|T|C|G|G|T|G|A|C|G|T|C|T|A|C|A|T|G|G|G|T|G|C|G|T|T|C|C|G|G|T|T|C|A|G|G|T|C|A|C|T|C|A|C|G|G|G|C|G|G
M396A,Hap1,C|C|T|A|C|A|C|A|C|G|C|T|T|T|C|A|C|T|G|+|-|C|G|G|T|G|A|C|T|T|C|T|A|C|A|T|A|G|G|T|A|C|A|T|C|C|T|G|G|T|T|C|-|A|G|C|C|A|C|-|C|A|C|G|G|A|C|G|G
M397A,Hap8,C|C|T|A|C|A|C|A|C|G|C|T|T|T|C|A|C|T|G|+|-|C|G|G|T|A|A|C|T|T|C|T|A|C|A|T|A|G|G|T|A|C|A|T|C|C|T|G|G|T|T|C|-|A|G|C|C|A|C|-|C|A|C|G|G|A|C|G|G
M398A,Hap1,C|C|T|A|C|A|C|A|C|G|C|T|T|T|C|A|C|T|G|+|-|C|G|G|T|G|A|C|T|T|C|T|A|C|A|T|A|G|G|T|A|C|A|T|C|C|T|G|G|T|T|C|-|A|G|C|C|A|C|-|C|A|C|G|G|A|C|G|G
M399A,Hap1,C|C|T|A|C|A|C|A|C|G|C|T|T|T|C|A|C|T|G|+|-|C|G|G|T|G|A|C|T|T|C|T|A|C|A|T|A|G|G|T|A|C|A|T|C|C|T|G|G|T|T|C|-|A|G|C|C|A|C|-|C|A|C|G|G|A|C|G|G
M39A,Hap2,C|C|T|A|C|A|C|A|C|G|C|T|T|C|+|A|C|T|C|T|T|C|G|G|T|G|A|C|G|T|C|T|A|C|A|T|G|G|G|T|G|C|G|T|T|C|C|G|G|T|T|C|A|G|G|T|C|A|C|T|C|A|C|G|G|G|C|G|G
M400A,Hap7,C|C|T|A|G|A|C|A|C|G|C|T|T|C|+|A|C|T|C|T|T|C|G|G|T|G|A|C|G|T|C|T|A|C|A|T|G|G|G|T|G|C|G|T|T|C|C|G|G|T|T|C|A|G|G|T|C|A|C|T|C|A|C|G|G|G|C|G|G
M401A,Hap1,C|C|T|A|C|A|C|A|C|G|C|T|T|T|C|A|C|T|G|+|-|C|G|G|T|G|A|C|T|T|C|T|A|C|A|T|A|G|G|T|A|C|A|T|C|C|T|G|G|T|T|C|-|A|G|C|C|A|C|-|C|A|C|G|G|A|C|G|G
M402A,Hap3,C|C|-|A|C|G|C|A|C|G|C|T|T|T|C|A|C|T|G|+|-|C|G|G|T|G|A|C|G|T|C|T|A|C|A|T|A|G|G|T|A|C|A|T|C|C|T|G|G|T|T|C|-|A|G|C|C|A|C|-|C|G|C|G|G|A|C|G|A
M403A,Hap1,C|C|T|A|C|A|C|A|C|G|C|T|T|T|C|A|C|T|G|+|-|C|G|G|T|G|A|C|T|T|C|T|A|C|A|T|A|G|G|T|A|C|A|T|C|C|T|G|G|T|T|C|-|A|G|C|C|A|C|-|C|A|C|G|G|A|C|G|G
M404A,Hap3,C|C|-|A|C|G|C|A|C|G|C|T|T|T|C|A|C|T|G|+|-|C|G|G|T|G|A|C|G|T|C|T|A|C|A|T|A|G|G|T|A|C|A|T|C|C|T|G|G|T|T|C|-|A|G|C|C|A|C|-|C|G|C|G|G|A|C|G|A
M405A,Hap3,C|C|-|A|C|G|C|A|C|G|C|T|T|T|C|A|C|T|G|+|-|C|G|G|T|G|A|C|G|T|C|T|A|C|A|T|A|G|G|T|A|C|A|T|C|C|T|G|G|T|T|C|-|A|G|C|C|A|C|-|C|G|C|G|G|A|C|G|A
M406A,Hap3,C|C|-|A|C|G|C|A|C|G|C|T|T|T|C|A|C|T|G|+|-|C|G|G|T|G|A|C|G|T|C|T|A|C|A|T|A|G|G|T|A|C|A|T|C|C|T|G|G|T|T|C|-|A|G|C|C|A|C|-|C|G|C|G|G|A|C|G|A
M407A,Hap1,C|C|T|A|C|A|C|A|C|G|C|T|T|T|C|A|C|T|G|+|-|C|G|G|T|G|A|C|T|T|C|T|A|C|A|T|A|G|G|T|A|C|A|T|C|C|T|G|G|T|T|C|-|A|G|C|C|A|C|-|C|A|C|G|G|A|C|G|G
M408A,Hap2,C|C|T|A|C|A|C|A|C|G|C|T|T|C|+|A|C|T|C|T|T|C|G|G|T|G|A|C|G|T|C|T|A|C|A|T|G|G|G|T|G|C|G|T|T|C|C|G|G|T|T|C|A|G|G|T|C|A|C|T|C|A|C|G|G|G|C|G|G
M409A,Hap14,C|C|-|A|C|A|-|A|C|G|C|T|T|C|C|A|C|T|C|T|T|C|G|G|T|G|A|C|G|T|C|T|A|C|A|T|G|G|G|T|G|C|G|T|T|C|C|G|G|T|T|C|A|G|G|T|C|A|C|T|C|A|C|G|G|G|C|G|G
M40A,Hap2,C|C|T|A|C|A|C|A|C|G|C|T|T|C|+|A|C|T|C|T|T|C|G|G|T|G|A|C|G|T|C|T|A|C|A|T|G|G|G|T|G|C|G|T|T|C|C|G|G|T|T|C|A|G|G|T|C|A|C|T|C|A|C|G|G|G|C|G|G
M410A,Hap3,C|C|-|A|C|G|C|A|C|G|C|T|T|T|C|A|C|T|G|+|-|C|G|G|T|G|A|C|G|T|C|T|A|C|A|T|A|G|G|T|A|C|A|T|C|C|T|G|G|T|T|C|-|A|G|C|C|A|C|-|C|G|C|G|G|A|C|G|A
M411A,Hap3,C|C|-|A|C|G|C|A|C|G|C|T|T|T|C|A|C|T|G|+|-|C|G|G|T|G|A|C|G|T|C|T|A|C|A|T|A|G|G|T|A|C|A|T|C|C|T|G|G|T|T|C|-|A|G|C|C|A|C|-|C|G|C|G|G|A|C|G|A
M412A,Hap1,C|C|T|A|C|A|C|A|C|G|C|T|T|T|C|A|C|T|G|+|-|C|G|G|T|G|A|C|T|T|C|T|A|C|A|T|A|G|G|T|A|C|A|T|C|C|T|G|G|T|T|C|-|A|G|C|C|A|C|-|C|A|C|G|G|A|C|G|G
M413A,Hap3,C|C|-|A|C|G|C|A|C|G|C|T|T|T|C|A|C|T|G|+|-|C|G|G|T|G|A|C|G|T|C|T|A|C|A|T|A|G|G|T|A|C|A|T|C|C|T|G|G|T|T|C|-|A|G|C|C|A|C|-|C|G|C|G|G|A|C|G|A
M414A,Hap3,C|C|-|A|C|G|C|A|C|G|C|T|T|T|C|A|C|T|G|+|-|C|G|G|T|G|A|C|G|T|C|T|A|C|A|T|A|G|G|T|A|C|A|T|C|C|T|G|G|T|T|C|-|A|G|C|C|A|C|-|C|G|C|G|G|A|C|G|A
M415A,Hap4,C|C|T|A|C|A|C|A|C|G|C|T|T|T|C|A|C|T|G|+|-|C|G|G|T|G|A|C|T|T|C|T|A|C|A|T|A|G|G|T|A|C|A|T|C|C|T|G|G|T|T|C|-|A|G|C|C|A|C|-|C|G|C|G|G|A|C|G|G
M416A,Hap4,C|C|T|A|C|A|C|A|C|G|C|T|T|T|C|A|C|T|G|+|-|C|G|G|T|G|A|C|T|T|C|T|A|C|A|T|A|G|G|T|A|C|A|T|C|C|T|G|G|T|T|C|-|A|G|C|C|A|C|-|C|G|C|G|G|A|C|G|G
M417A,Hap3,C|C|-|A|C|G|C|A|C|G|C|T|T|T|C|A|C|T|G|+|-|C|G|G|T|G|A|C|G|T|C|T|A|C|A|T|A|G|G|T|A|C|A|T|C|C|T|G|G|T|T|C|-|A|G|C|C|A|C|-|C|G|C|G|G|A|C|G|A
M418A,Hap1,C|C|T|A|C|A|C|A|C|G|C|T|T|T|C|A|C|T|G|+|-|C|G|G|T|G|A|C|T|T|C|T|A|C|A|T|A|G|G|T|A|C|A|T|C|C|T|G|G|T|T|C|-|A|G|C|C|A|C|-|C|A|C|G|G|A|C|G|G
M419A,Hap4,C|C|T|A|C|A|C|A|C|G|C|T|T|T|C|A|C|T|G|+|-|C|G|G|T|G|A|C|T|T|C|T|A|C|A|T|A|G|G|T|A|C|A|T|C|C|T|G|G|T|T|C|-|A|G|C|C|A|C|-|C|G|C|G|G|A|C|G|G
M420A,Hap3,C|C|-|A|C|G|C|A|C|G|C|T|T|T|C|A|C|T|G|+|-|C|G|G|T|G|A|C|G|T|C|T|A|C|A|T|A|G|G|T|A|C|A|T|C|C|T|G|G|T|T|C|-|A|G|C|C|A|C|-|C|G|C|G|G|A|C|G|A
M421A,Hap5,C|C|T|A|C|G|C|A|C|G|C|T|T|T|C|A|C|T|G|+|-|C|G|G|T|G|A|C|G|T|C|T|A|C|A|T|A|G|G|T|A|C|A|T|C|C|T|G|G|T|T|C|-|A|G|C|C|A|C|-|C|G|C|G|G|A|C|G|A
M422A,Hap2,C|C|T|A|C|A|C|A|C|G|C|T|T|C|+|A|C|T|C|T|T|C|G|G|T|G|A|C|G|T|C|T|A|C|A|T|G|G|G|T|G|C|G|T|T|C|C|G|G|T|T|C|A|G|G|T|C|A|C|T|C|A|C|G|G|G|C|G|G
M423A,Hap5,C|C|T|A|C|G|C|A|C|G|C|T|T|T|C|A|C|T|G|+|-|C|G|G|T|G|A|C|G|T|C|T|A|C|A|T|A|G|G|T|A|C|A|T|C|C|T|G|G|T|T|C|-|A|G|C|C|A|C|-|C|G|C|G|G|A|C|G|A
M424A,Hap3,C|C|-|A|C|G|C|A|C|G|C|T|T|T|C|A|C|T|G|+|-|C|G|G|T|G|A|C|G|T|C|T|A|C|A|T|A|G|G|T|A|C|A|T|C|C|T|G|G|T|T|C|-|A|G|C|C|A|C|-|C|G|C|G|G|A|C|G|A
M425A,Hap3,C|C|-|A|C|G|C|A|C|G|C|T|T|T|C|A|C|T|G|+|-|C|G|G|T|G|A|C|G|T|C|T|A|C|A|T|A|G|G|T|A|C|A|T|C|C|T|G|G|T|T|C|-|A|G|C|C|A|C|-|C|G|C|G|G|A|C|G|A
M426A,Hap3,C|C|-|A|C|G|C|A|C|G|C|T|T|T|C|A|C|T|G|+|-|C|G|G|T|G|A|C|G|T|C|T|A|C|A|T|A|G|G|T|A|C|A|T|C|C|T|G|G|T|T|C|-|A|G|C|C|A|C|-|C|G|C|G|G|A|C|G|A
M427A,Hap3,C|C|-|A|C|G|C|A|C|G|C|T|T|T|C|A|C|T|G|+|-|C|G|G|T|G|A|C|G|T|C|T|A|C|A|T|A|G|G|T|A|C|A|T|C|C|T|G|G|T|T|C|-|A|G|C|C|A|C|-|C|G|C|G|G|A|C|G|A
M428A,Hap2,C|C|T|A|C|A|C|A|C|G|C|T|T|C|+|A|C|T|C|T|T|C|G|G|T|G|A|C|G|T|C|T|A|C|A|T|G|G|G|T|G|C|G|T|T|C|C|G|G|T|T|C|A|G|G|T|C|A|C|T|C|A|C|G|G|G|C|G|G
M429A,Hap14,C|C|-|A|C|A|-|A|C|G|C|T|T|C|C|A|C|T|C|T|T|C|G|G|T|G|A|C|G|T|C|T|A|C|A|T|G|G|G|T|G|C|G|T|T|C|C|G|G|T|T|C|A|G|G|T|C|A|C|T|C|A|C|G|G|G|C|G|G
M42A,Hap13,C|C|T|A|C|G|C|A|C|G|C|T|T|T|C|A|C|T|G|+|-|C|G|G|T|G|A|C|G|T|C|T|A|C|A|T|A|G|G|T|A|C|A|T|C|C|T|G|G|T|T|C|-|A|G|C|C|A|C|-|C|A|C|G|G|A|C|G|A
M430A,Hap2,C|C|T|A|C|A|C|A|C|G|C|T|T|C|+|A|C|T|C|T|T|C|G|G|T|G|A|C|G|T|C|T|A|C|A|T|G|G|G|T|G|C|G|T|T|C|C|G|G|T|T|C|A|G|G|T|C|A|C|T|C|A|C|G|G|G|C|G|G
M431A,Hap4,C|C|T|A|C|A|C|A|C|G|C|T|T|T|C|A|C|T|G|+|-|C|G|G|T|G|A|C|T|T|C|T|A|C|A|T|A|G|G|T|A|C|A|T|C|C|T|G|G|T|T|C|-|A|G|C|C|A|C|-|C|G|C|G|G|A|C|G|G
M432A,Hap3,C|C|-|A|C|G|C|A|C|G|C|T|T|T|C|A|C|T|G|+|-|C|G|G|T|G|A|C|G|T|C|T|A|C|A|T|A|G|G|T|A|C|A|T|C|C|T|G|G|T|T|C|-|A|G|C|C|A|C|-|C|G|C|G|G|A|C|G|A
M433A,Hap2,C|C|T|A|C|A|C|A|C|G|C|T|T|C|+|A|C|T|C|T|T|C|G|G|T|G|A|C|G|T|C|T|A|C|A|T|G|G|G|T|G|C|G|T|T|C|C|G|G|T|T|C|A|G|G|T|C|A|C|T|C|A|C|G|G|G|C|G|G
M434A,Hap1,C|C|T|A|C|A|C|A|C|G|C|T|T|T|C|A|C|T|G|+|-|C|G|G|T|G|A|C|T|T|C|T|A|C|A|T|A|G|G|T|A|C|A|T|C|C|T|G|G|T|T|C|-|A|G|C|C|A|C|-|C|A|C|G|G|A|C|G|G
M435A,Hap1,C|C|T|A|C|A|C|A|C|G|C|T|T|T|C|A|C|T|G|+|-|C|G|G|T|G|A|C|T|T|C|T|A|C|A|T|A|G|G|T|A|C|A|T|C|C|T|G|G|T|T|C|-|A|G|C|C|A|C|-|C|A|C|G|G|A|C|G|G
M436A,Hap2,C|C|T|A|C|A|C|A|C|G|C|T|T|C|+|A|C|T|C|T|T|C|G|G|T|G|A|C|G|T|C|T|A|C|A|T|G|G|G|T|G|C|G|T|T|C|C|G|G|T|T|C|A|G|G|T|C|A|C|T|C|A|C|G|G|G|C|G|G
M437A,Hap3,C|C|-|A|C|G|C|A|C|G|C|T|T|T|C|A|C|T|G|+|-|C|G|G|T|G|A|C|G|T|C|T|A|C|A|T|A|G|G|T|A|C|A|T|C|C|T|G|G|T|T|C|-|A|G|C|C|A|C|-|C|G|C|G|G|A|C|G|A
M438A,Hap4,C|C|T|A|C|A|C|A|C|G|C|T|T|T|C|A|C|T|G|+|-|C|G|G|T|G|A|C|T|T|C|T|A|C|A|T|A|G|G|T|A|C|A|T|C|C|T|G|G|T|T|C|-|A|G|C|C|A|C|-|C|G|C|G|G|A|C|G|G
M439A,Hap7,C|C|T|A|G|A|C|A|C|G|C|T|T|C|+|A|C|T|C|T|T|C|G|G|T|G|A|C|G|T|C|T|A|C|A|T|G|G|G|T|G|C|G|T|T|C|C|G|G|T|T|C|A|G|G|T|C|A|C|T|C|A|C|G|G|G|C|G|G
M43A,Hap2,C|C|T|A|C|A|C|A|C|G|C|T|T|C|+|A|C|T|C|T|T|C|G|G|T|G|A|C|G|T|C|T|A|C|A|T|G|G|G|T|G|C|G|T|T|C|C|G|G|T|T|C|A|G|G|T|C|A|C|T|C|A|C|G|G|G|C|G|G
M440A,Hap7,C|C|T|A|G|A|C|A|C|G|C|T|T|C|+|A|C|T|C|T|T|C|G|G|T|G|A|C|G|T|C|T|A|C|A|T|G|G|G|T|G|C|G|T|T|C|C|G|G|T|T|C|A|G|G|T|C|A|C|T|C|A|C|G|G|G|C|G|G
M441A,Hap3,C|C|-|A|C|G|C|A|C|G|C|T|T|T|C|A|C|T|G|+|-|C|G|G|T|G|A|C|G|T|C|T|A|C|A|T|A|G|G|T|A|C|A|T|C|C|T|G|G|T|T|C|-|A|G|C|C|A|C|-|C|G|C|G|G|A|C|G|A
M442A,Hap9,C|-|T|A|C|A|C|A|C|G|C|T|T|T|C|A|C|A|C|T|T|C|G|G|T|G|A|C|G|T|C|T|A|C|A|T|G|G|G|T|G|C|G|T|T|C|C|G|G|T|T|C|A|G|G|T|C|A|C|T|C|A|C|G|G|G|C|G|G
M443A,Hap1,C|C|T|A|C|A|C|A|C|G|C|T|T|T|C|A|C|T|G|+|-|C|G|G|T|G|A|C|T|T|C|T|A|C|A|T|A|G|G|T|A|C|A|T|C|C|T|G|G|T|T|C|-|A|G|C|C|A|C|-|C|A|C|G|G|A|C|G|G
M444A,Hap2,C|C|T|A|C|A|C|A|C|G|C|T|T|C|+|A|C|T|C|T|T|C|G|G|T|G|A|C|G|T|C|T|A|C|A|T|G|G|G|T|G|C|G|T|T|C|C|G|G|T|T|C|A|G|G|T|C|A|C|T|C|A|C|G|G|G|C|G|G
M445A,Hap2,C|C|T|A|C|A|C|A|C|G|C|T|T|C|+|A|C|T|C|T|T|C|G|G|T|G|A|C|G|T|C|T|A|C|A|T|G|G|G|T|G|C|G|T|T|C|C|G|G|T|T|C|A|G|G|T|C|A|C|T|C|A|C|G|G|G|C|G|G
M446A,Hap1,C|C|T|A|C|A|C|A|C|G|C|T|T|T|C|A|C|T|G|+|-|C|G|G|T|G|A|C|T|T|C|T|A|C|A|T|A|G|G|T|A|C|A|T|C|C|T|G|G|T|T|C|-|A|G|C|C|A|C|-|C|A|C|G|G|A|C|G|G
M447A,Hap1,C|C|T|A|C|A|C|A|C|G|C|T|T|T|C|A|C|T|G|+|-|C|G|G|T|G|A|C|T|T|C|T|A|C|A|T|A|G|G|T|A|C|A|T|C|C|T|G|G|T|T|C|-|A|G|C|C|A|C|-|C|A|C|G|G|A|C|G|G
M448A,Hap1,C|C|T|A|C|A|C|A|C|G|C|T|T|T|C|A|C|T|G|+|-|C|G|G|T|G|A|C|T|T|C|T|A|C|A|T|A|G|G|T|A|C|A|T|C|C|T|G|G|T|T|C|-|A|G|C|C|A|C|-|C|A|C|G|G|A|C|G|G
M449A,Hap1,C|C|T|A|C|A|C|A|C|G|C|T|T|T|C|A|C|T|G|+|-|C|G|G|T|G|A|C|T|T|C|T|A|C|A|T|A|G|G|T|A|C|A|T|C|C|T|G|G|T|T|C|-|A|G|C|C|A|C|-|C|A|C|G|G|A|C|G|G
M44A,Hap1,C|C|T|A|C|A|C|A|C|G|C|T|T|T|C|A|C|T|G|+|-|C|G|G|T|G|A|C|T|T|C|T|A|C|A|T|A|G|G|T|A|C|A|T|C|C|T|G|G|T|T|C|-|A|G|C|C|A|C|-|C|A|C|G|G|A|C|G|G
M450A,Hap1,C|C|T|A|C|A|C|A|C|G|C|T|T|T|C|A|C|T|G|+|-|C|G|G|T|G|A|C|T|T|C|T|A|C|A|T|A|G|G|T|A|C|A|T|C|C|T|G|G|T|T|C|-|A|G|C|C|A|C|-|C|A|C|G|G|A|C|G|G
M451A,Hap1,C|C|T|A|C|A|C|A|C|G|C|T|T|T|C|A|C|T|G|+|-|C|G|G|T|G|A|C|T|T|C|T|A|C|A|T|A|G|G|T|A|C|A|T|C|C|T|G|G|T|T|C|-|A|G|C|C|A|C|-|C|A|C|G|G|A|C|G|G
M452A,Hap1,C|C|T|A|C|A|C|A|C|G|C|T|T|T|C|A|C|T|G|+|-|C|G|G|T|G|A|C|T|T|C|T|A|C|A|T|A|G|G|T|A|C|A|T|C|C|T|G|G|T|T|C|-|A|G|C|C|A|C|-|C|A|C|G|G|A|C|G|G
M453A,Hap1,C|C|T|A|C|A|C|A|C|G|C|T|T|T|C|A|C|T|G|+|-|C|G|G|T|G|A|C|T|T|C|T|A|C|A|T|A|G|G|T|A|C|A|T|C|C|T|G|G|T|T|C|-|A|G|C|C|A|C|-|C|A|C|G|G|A|C|G|G
M454A,Hap1,C|C|T|A|C|A|C|A|C|G|C|T|T|T|C|A|C|T|G|+|-|C|G|G|T|G|A|C|T|T|C|T|A|C|A|T|A|G|G|T|A|C|A|T|C|C|T|G|G|T|T|C|-|A|G|C|C|A|C|-|C|A|C|G|G|A|C|G|G
M455A,Hap1,C|C|T|A|C|A|C|A|C|G|C|T|T|T|C|A|C|T|G|+|-|C|G|G|T|G|A|C|T|T|C|T|A|C|A|T|A|G|G|T|A|C|A|T|C|C|T|G|G|T|T|C|-|A|G|C|C|A|C|-|C|A|C|G|G|A|C|G|G
M456A,Hap8,C|C|T|A|C|A|C|A|C|G|C|T|T|T|C|A|C|T|G|+|-|C|G|G|T|A|A|C|T|T|C|T|A|C|A|T|A|G|G|T|A|C|A|T|C|C|T|G|G|T|T|C|-|A|G|C|C|A|C|-|C|A|C|G|G|A|C|G|G
M457A,Hap1,C|C|T|A|C|A|C|A|C|G|C|T|T|T|C|A|C|T|G|+|-|C|G|G|T|G|A|C|T|T|C|T|A|C|A|T|A|G|G|T|A|C|A|T|C|C|T|G|G|T|T|C|-|A|G|C|C|A|C|-|C|A|C|G|G|A|C|G|G
M458A,Hap1,C|C|T|A|C|A|C|A|C|G|C|T|T|T|C|A|C|T|G|+|-|C|G|G|T|G|A|C|T|T|C|T|A|C|A|T|A|G|G|T|A|C|A|T|C|C|T|G|G|T|T|C|-|A|G|C|C|A|C|-|C|A|C|G|G|A|C|G|G
M459A,Hap1,C|C|T|A|C|A|C|A|C|G|C|T|T|T|C|A|C|T|G|+|-|C|G|G|T|G|A|C|T|T|C|T|A|C|A|T|A|G|G|T|A|C|A|T|C|C|T|G|G|T|T|C|-|A|G|C|C|A|C|-|C|A|C|G|G|A|C|G|G
M45A,Hap8,C|C|T|A|C|A|C|A|C|G|C|T|T|T|C|A|C|T|G|+|-|C|G|G|T|A|A|C|T|T|C|T|A|C|A|T|A|G|G|T|A|C|A|T|C|C|T|G|G|T|T|C|-|A|G|C|C|A|C|-|C|A|C|G|G|A|C|G|G
M460A,Hap1,C|C|T|A|C|A|C|A|C|G|C|T|T|T|C|A|C|T|G|+|-|C|G|G|T|G|A|C|T|T|C|T|A|C|A|T|A|G|G|T|A|C|A|T|C|C|T|G|G|T|T|C|-|A|G|C|C|A|C|-|C|A|C|G|G|A|C|G|G
M461A,Hap1,C|C|T|A|C|A|C|A|C|G|C|T|T|T|C|A|C|T|G|+|-|C|G|G|T|G|A|C|T|T|C|T|A|C|A|T|A|G|G|T|A|C|A|T|C|C|T|G|G|T|T|C|-|A|G|C|C|A|C|-|C|A|C|G|G|A|C|G|G
M462A,Hap1,C|C|T|A|C|A|C|A|C|G|C|T|T|T|C|A|C|T|G|+|-|C|G|G|T|G|A|C|T|T|C|T|A|C|A|T|A|G|G|T|A|C|A|T|C|C|T|G|G|T|T|C|-|A|G|C|C|A|C|-|C|A|C|G|G|A|C|G|G
M463A,Hap1,C|C|T|A|C|A|C|A|C|G|C|T|T|T|C|A|C|T|G|+|-|C|G|G|T|G|A|C|T|T|C|T|A|C|A|T|A|G|G|T|A|C|A|T|C|C|T|G|G|T|T|C|-|A|G|C|C|A|C|-|C|A|C|G|G|A|C|G|G
M464A,Hap1,C|C|T|A|C|A|C|A|C|G|C|T|T|T|C|A|C|T|G|+|-|C|G|G|T|G|A|C|T|T|C|T|A|C|A|T|A|G|G|T|A|C|A|T|C|C|T|G|G|T|T|C|-|A|G|C|C|A|C|-|C|A|C|G|G|A|C|G|G
M465A,Hap1,C|C|T|A|C|A|C|A|C|G|C|T|T|T|C|A|C|T|G|+|-|C|G|G|T|G|A|C|T|T|C|T|A|C|A|T|A|G|G|T|A|C|A|T|C|C|T|G|G|T|T|C|-|A|G|C|C|A|C|-|C|A|C|G|G|A|C|G|G
M466A,Hap1,C|C|T|A|C|A|C|A|C|G|C|T|T|T|C|A|C|T|G|+|-|C|G|G|T|G|A|C|T|T|C|T|A|C|A|T|A|G|G|T|A|C|A|T|C|C|T|G|G|T|T|C|-|A|G|C|C|A|C|-|C|A|C|G|G|A|C|G|G
M467A,Hap1,C|C|T|A|C|A|C|A|C|G|C|T|T|T|C|A|C|T|G|+|-|C|G|G|T|G|A|C|T|T|C|T|A|C|A|T|A|G|G|T|A|C|A|T|C|C|T|G|G|T|T|C|-|A|G|C|C|A|C|-|C|A|C|G|G|A|C|G|G
M468A,Hap1,C|C|T|A|C|A|C|A|C|G|C|T|T|T|C|A|C|T|G|+|-|C|G|G|T|G|A|C|T|T|C|T|A|C|A|T|A|G|G|T|A|C|A|T|C|C|T|G|G|T|T|C|-|A|G|C|C|A|C|-|C|A|C|G|G|A|C|G|G
M469A,Hap13,C|C|T|A|C|G|C|A|C|G|C|T|T|T|C|A|C|T|G|+|-|C|G|G|T|G|A|C|G|T|C|T|A|C|A|T|A|G|G|T|A|C|A|T|C|C|T|G|G|T|T|C|-|A|G|C|C|A|C|-|C|A|C|G|G|A|C|G|A
M46A,Hap3,C|C|-|A|C|G|C|A|C|G|C|T|T|T|C|A|C|T|G|+|-|C|G|G|T|G|A|C|G|T|C|T|A|C|A|T|A|G|G|T|A|C|A|T|C|C|T|G|G|T|T|C|-|A|G|C|C|A|C|-|C|G|C|G|G|A|C|G|A
M470A,Hap1,C|C|T|A|C|A|C|A|C|G|C|T|T|T|C|A|C|T|G|+|-|C|G|G|T|G|A|C|T|T|C|T|A|C|A|T|A|G|G|T|A|C|A|T|C|C|T|G|G|T|T|C|-|A|G|C|C|A|C|-|C|A|C|G|G|A|C|G|G
M471A,Hap1,C|C|T|A|C|A|C|A|C|G|C|T|T|T|C|A|C|T|G|+|-|C|G|G|T|G|A|C|T|T|C|T|A|C|A|T|A|G|G|T|A|C|A|T|C|C|T|G|G|T|T|C|-|A|G|C|C|A|C|-|C|A|C|G|G|A|C|G|G
M472A,Hap1,C|C|T|A|C|A|C|A|C|G|C|T|T|T|C|A|C|T|G|+|-|C|G|G|T|G|A|C|T|T|C|T|A|C|A|T|A|G|G|T|A|C|A|T|C|C|T|G|G|T|T|C|-|A|G|C|C|A|C|-|C|A|C|G|G|A|C|G|G
M473A,Hap1,C|C|T|A|C|A|C|A|C|G|C|T|T|T|C|A|C|T|G|+|-|C|G|G|T|G|A|C|T|T|C|T|A|C|A|T|A|G|G|T|A|C|A|T|C|C|T|G|G|T|T|C|-|A|G|C|C|A|C|-|C|A|C|G|G|A|C|G|G
M474A,Hap1,C|C|T|A|C|A|C|A|C|G|C|T|T|T|C|A|C|T|G|+|-|C|G|G|T|G|A|C|T|T|C|T|A|C|A|T|A|G|G|T|A|C|A|T|C|C|T|G|G|T|T|C|-|A|G|C|C|A|C|-|C|A|C|G|G|A|C|G|G
M475A,Hap1,C|C|T|A|C|A|C|A|C|G|C|T|T|T|C|A|C|T|G|+|-|C|G|G|T|G|A|C|T|T|C|T|A|C|A|T|A|G|G|T|A|C|A|T|C|C|T|G|G|T|T|C|-|A|G|C|C|A|C|-|C|A|C|G|G|A|C|G|G
M476A,Hap1,C|C|T|A|C|A|C|A|C|G|C|T|T|T|C|A|C|T|G|+|-|C|G|G|T|G|A|C|T|T|C|T|A|C|A|T|A|G|G|T|A|C|A|T|C|C|T|G|G|T|T|C|-|A|G|C|C|A|C|-|C|A|C|G|G|A|C|G|G
M477A,Hap1,C|C|T|A|C|A|C|A|C|G|C|T|T|T|C|A|C|T|G|+|-|C|G|G|T|G|A|C|T|T|C|T|A|C|A|T|A|G|G|T|A|C|A|T|C|C|T|G|G|T|T|C|-|A|G|C|C|A|C|-|C|A|C|G|G|A|C|G|G
M478A,Hap1,C|C|T|A|C|A|C|A|C|G|C|T|T|T|C|A|C|T|G|+|-|C|G|G|T|G|A|C|T|T|C|T|A|C|A|T|A|G|G|T|A|C|A|T|C|C|T|G|G|T|T|C|-|A|G|C|C|A|C|-|C|A|C|G|G|A|C|G|G
M479A,Hap2,C|C|T|A|C|A|C|A|C|G|C|T|T|C|+|A|C|T|C|T|T|C|G|G|T|G|A|C|G|T|C|T|A|C|A|T|G|G|G|T|G|C|G|T|T|C|C|G|G|T|T|C|A|G|G|T|C|A|C|T|C|A|C|G|G|G|C|G|G
M47A,Hap1,C|C|T|A|C|A|C|A|C|G|C|T|T|T|C|A|C|T|G|+|-|C|G|G|T|G|A|C|T|T|C|T|A|C|A|T|A|G|G|T|A|C|A|T|C|C|T|G|G|T|T|C|-|A|G|C|C|A|C|-|C|A|C|G|G|A|C|G|G
M481A,Hap6,C|C|T|A|C|A|C|A|C|G|C|T|T|T|C|A|C|T|G|+|-|C|G|G|T|G|A|C|G|T|C|T|A|C|A|T|A|G|G|T|A|C|A|T|C|C|T|G|G|T|T|C|-|A|G|C|C|A|C|-|C|A|C|G|G|A|C|G|G
M482A,Hap25,C|C|T|A|C|A|C|A|C|G|T|T|T|T|C|G|C|T|C|T|T|C|C|G|T|G|A|C|G|T|-|G|A|T|G|C|G|G|G|T|G|C|A|T|C|C|C|G|G|T|A|+|A|A|T|C|G|A|C|T|+|A|C|G|G|G|C|G|G
M483A,Hap28,C|C|T|A|C|A|C|A|C|G|C|T|T|T|C|A|C|T|C|T|T|C|G|G|T|G|A|C|G|T|C|T|A|C|A|T|G|G|G|T|G|C|A|T|C|C|C|G|G|T|T|C|A|A|G|C|C|A|C|T|C|A|C|G|G|G|C|G|G
M484A,Hap6,C|C|T|A|C|A|C|A|C|G|C|T|T|T|C|A|C|T|G|+|-|C|G|G|T|G|A|C|G|T|C|T|A|C|A|T|A|G|G|T|A|C|A|T|C|C|T|G|G|T|T|C|-|A|G|C|C|A|C|-|C|A|C|G|G|A|C|G|G
M485A,Hap9,C|-|T|A|C|A|C|A|C|G|C|T|T|T|C|A|C|A|C|T|T|C|G|G|T|G|A|C|G|T|C|T|A|C|A|T|G|G|G|T|G|C|G|T|T|C|C|G|G|T|T|C|A|G|G|T|C|A|C|T|C|A|C|G|G|G|C|G|G
M486A,Hap3,C|C|-|A|C|G|C|A|C|G|C|T|T|T|C|A|C|T|G|+|-|C|G|G|T|G|A|C|G|T|C|T|A|C|A|T|A|G|G|T|A|C|A|T|C|C|T|G|G|T|T|C|-|A|G|C|C|A|C|-|C|G|C|G|G|A|C|G|A
M487A,Hap3,C|C|-|A|C|G|C|A|C|G|C|T|T|T|C|A|C|T|G|+|-|C|G|G|T|G|A|C|G|T|C|T|A|C|A|T|A|G|G|T|A|C|A|T|C|C|T|G|G|T|T|C|-|A|G|C|C|A|C|-|C|G|C|G|G|A|C|G|A
M488A,Hap5,C|C|T|A|C|G|C|A|C|G|C|T|T|T|C|A|C|T|G|+|-|C|G|G|T|G|A|C|G|T|C|T|A|C|A|T|A|G|G|T|A|C|A|T|C|C|T|G|G|T|T|C|-|A|G|C|C|A|C|-|C|G|C|G|G|A|C|G|A
M489A,Hap3,C|C|-|A|C|G|C|A|C|G|C|T|T|T|C|A|C|T|G|+|-|C|G|G|T|G|A|C|G|T|C|T|A|C|A|T|A|G|G|T|A|C|A|T|C|C|T|G|G|T|T|C|-|A|G|C|C|A|C|-|C|G|C|G|G|A|C|G|A
M48A,Hap1,C|C|T|A|C|A|C|A|C|G|C|T|T|T|C|A|C|T|G|+|-|C|G|G|T|G|A|C|T|T|C|T|A|C|A|T|A|G|G|T|A|C|A|T|C|C|T|G|G|T|T|C|-|A|G|C|C|A|C|-|C|A|C|G|G|A|C|G|G
M490A,Hap5,C|C|T|A|C|G|C|A|C|G|C|T|T|T|C|A|C|T|G|+|-|C|G|G|T|G|A|C|G|T|C|T|A|C|A|T|A|G|G|T|A|C|A|T|C|C|T|G|G|T|T|C|-|A|G|C|C|A|C|-|C|G|C|G|G|A|C|G|A
M491A,Hap22,C|C|T|A|C|A|C|A|C|G|C|T|T|T|C|A|C|T|G|+|T|C|G|G|T|G|A|C|G|T|C|T|A|C|A|T|G|G|G|T|A|C|A|T|C|C|T|G|G|T|T|C|-|A|G|C|C|A|C|-|C|G|C|G|G|A|C|G|G
M492A,Hap3,C|C|-|A|C|G|C|A|C|G|C|T|T|T|C|A|C|T|G|+|-|C|G|G|T|G|A|C|G|T|C|T|A|C|A|T|A|G|G|T|A|C|A|T|C|C|T|G|G|T|T|C|-|A|G|C|C|A|C|-|C|G|C|G|G|A|C|G|A
M493A,Hap2,C|C|T|A|C|A|C|A|C|G|C|T|T|C|+|A|C|T|C|T|T|C|G|G|T|G|A|C|G|T|C|T|A|C|A|T|G|G|G|T|G|C|G|T|T|C|C|G|G|T|T|C|A|G|G|T|C|A|C|T|C|A|C|G|G|G|C|G|G
M494A,Hap2,C|C|T|A|C|A|C|A|C|G|C|T|T|C|+|A|C|T|C|T|T|C|G|G|T|G|A|C|G|T|C|T|A|C|A|T|G|G|G|T|G|C|G|T|T|C|C|G|G|T|T|C|A|G|G|T|C|A|C|T|C|A|C|G|G|G|C|G|G
M495A,Hap4,C|C|T|A|C|A|C|A|C|G|C|T|T|T|C|A|C|T|G|+|-|C|G|G|T|G|A|C|T|T|C|T|A|C|A|T|A|G|G|T|A|C|A|T|C|C|T|G|G|T|T|C|-|A|G|C|C|A|C|-|C|G|C|G|G|A|C|G|G
M496A,Hap2,C|C|T|A|C|A|C|A|C|G|C|T|T|C|+|A|C|T|C|T|T|C|G|G|T|G|A|C|G|T|C|T|A|C|A|T|G|G|G|T|G|C|G|T|T|C|C|G|G|T|T|C|A|G|G|T|C|A|C|T|C|A|C|G|G|G|C|G|G
M497A,Hap10,C|C|T|A|C|A|C|A|C|G|C|T|T|T|C|A|C|A|C|T|T|C|G|G|T|G|A|C|G|T|C|T|A|C|A|T|G|G|G|T|G|C|G|T|T|C|C|G|G|T|T|C|A|G|G|T|C|A|C|T|C|A|C|G|G|G|C|G|G
M498A,Hap3,C|C|-|A|C|G|C|A|C|G|C|T|T|T|C|A|C|T|G|+|-|C|G|G|T|G|A|C|G|T|C|T|A|C|A|T|A|G|G|T|A|C|A|T|C|C|T|G|G|T|T|C|-|A|G|C|C|A|C|-|C|G|C|G|G|A|C|G|A
M499A,Hap3,C|C|-|A|C|G|C|A|C|G|C|T|T|T|C|A|C|T|G|+|-|C|G|G|T|G|A|C|G|T|C|T|A|C|A|T|A|G|G|T|A|C|A|T|C|C|T|G|G|T|T|C|-|A|G|C|C|A|C|-|C|G|C|G|G|A|C|G|A
M49A,Hap1,C|C|T|A|C|A|C|A|C|G|C|T|T|T|C|A|C|T|G|+|-|C|G|G|T|G|A|C|T|T|C|T|A|C|A|T|A|G|G|T|A|C|A|T|C|C|T|G|G|T|T|C|-|A|G|C|C|A|C|-|C|A|C|G|G|A|C|G|G
M4A,Hap1,C|C|T|A|C|A|C|A|C|G|C|T|T|T|C|A|C|T|G|+|-|C|G|G|T|G|A|C|T|T|C|T|A|C|A|T|A|G|G|T|A|C|A|T|C|C|T|G|G|T|T|C|-|A|G|C|C|A|C|-|C|A|C|G|G|A|C|G|G
M500A,Hap3,C|C|-|A|C|G|C|A|C|G|C|T|T|T|C|A|C|T|G|+|-|C|G|G|T|G|A|C|G|T|C|T|A|C|A|T|A|G|G|T|A|C|A|T|C|C|T|G|G|T|T|C|-|A|G|C|C|A|C|-|C|G|C|G|G|A|C|G|A
M501A,Hap5,C|C|T|A|C|G|C|A|C|G|C|T|T|T|C|A|C|T|G|+|-|C|G|G|T|G|A|C|G|T|C|T|A|C|A|T|A|G|G|T|A|C|A|T|C|C|T|G|G|T|T|C|-|A|G|C|C|A|C|-|C|G|C|G|G|A|C|G|A
M502A,Hap7,C|C|T|A|G|A|C|A|C|G|C|T|T|C|+|A|C|T|C|T|T|C|G|G|T|G|A|C|G|T|C|T|A|C|A|T|G|G|G|T|G|C|G|T|T|C|C|G|G|T|T|C|A|G|G|T|C|A|C|T|C|A|C|G|G|G|C|G|G
M503A,Hap3,C|C|-|A|C|G|C|A|C|G|C|T|T|T|C|A|C|T|G|+|-|C|G|G|T|G|A|C|G|T|C|T|A|C|A|T|A|G|G|T|A|C|A|T|C|C|T|G|G|T|T|C|-|A|G|C|C|A|C|-|C|G|C|G|G|A|C|G|A
M504A,Hap2,C|C|T|A|C|A|C|A|C|G|C|T|T|C|+|A|C|T|C|T|T|C|G|G|T|G|A|C|G|T|C|T|A|C|A|T|G|G|G|T|G|C|G|T|T|C|C|G|G|T|T|C|A|G|G|T|C|A|C|T|C|A|C|G|G|G|C|G|G
M505A,Hap3,C|C|-|A|C|G|C|A|C|G|C|T|T|T|C|A|C|T|G|+|-|C|G|G|T|G|A|C|G|T|C|T|A|C|A|T|A|G|G|T|A|C|A|T|C|C|T|G|G|T|T|C|-|A|G|C|C|A|C|-|C|G|C|G|G|A|C|G|A
M506A,Hap7,C|C|T|A|G|A|C|A|C|G|C|T|T|C|+|A|C|T|C|T|T|C|G|G|T|G|A|C|G|T|C|T|A|C|A|T|G|G|G|T|G|C|G|T|T|C|C|G|G|T|T|C|A|G|G|T|C|A|C|T|C|A|C|G|G|G|C|G|G
M507A,Hap3,C|C|-|A|C|G|C|A|C|G|C|T|T|T|C|A|C|T|G|+|-|C|G|G|T|G|A|C|G|T|C|T|A|C|A|T|A|G|G|T|A|C|A|T|C|C|T|G|G|T|T|C|-|A|G|C|C|A|C|-|C|G|C|G|G|A|C|G|A
M508A,Hap2,C|C|T|A|C|A|C|A|C|G|C|T|T|C|+|A|C|T|C|T|T|C|G|G|T|G|A|C|G|T|C|T|A|C|A|T|G|G|G|T|G|C|G|T|T|C|C|G|G|T|T|C|A|G|G|T|C|A|C|T|C|A|C|G|G|G|C|G|G
M509A,Hap14,C|C|-|A|C|A|-|A|C|G|C|T|T|C|C|A|C|T|C|T|T|C|G|G|T|G|A|C|G|T|C|T|A|C|A|T|G|G|G|T|G|C|G|T|T|C|C|G|G|T|T|C|A|G|G|T|C|A|C|T|C|A|C|G|G|G|C|G|G
M50A,Hap1,C|C|T|A|C|A|C|A|C|G|C|T|T|T|C|A|C|T|G|+|-|C|G|G|T|G|A|C|T|T|C|T|A|C|A|T|A|G|G|T|A|C|A|T|C|C|T|G|G|T|T|C|-|A|G|C|C|A|C|-|C|A|C|G|G|A|C|G|G
M510A,Hap3,C|C|-|A|C|G|C|A|C|G|C|T|T|T|C|A|C|T|G|+|-|C|G|G|T|G|A|C|G|T|C|T|A|C|A|T|A|G|G|T|A|C|A|T|C|C|T|G|G|T|T|C|-|A|G|C|C|A|C|-|C|G|C|G|G|A|C|G|A
M511A,Hap2,C|C|T|A|C|A|C|A|C|G|C|T|T|C|+|A|C|T|C|T|T|C|G|G|T|G|A|C|G|T|C|T|A|C|A|T|G|G|G|T|G|C|G|T|T|C|C|G|G|T|T|C|A|G|G|T|C|A|C|T|C|A|C|G|G|G|C|G|G
M512A,Hap4,C|C|T|A|C|A|C|A|C|G|C|T|T|T|C|A|C|T|G|+|-|C|G|G|T|G|A|C|T|T|C|T|A|C|A|T|A|G|G|T|A|C|A|T|C|C|T|G|G|T|T|C|-|A|G|C|C|A|C|-|C|G|C|G|G|A|C|G|G
M513A,Hap5,C|C|T|A|C|G|C|A|C|G|C|T|T|T|C|A|C|T|G|+|-|C|G|G|T|G|A|C|G|T|C|T|A|C|A|T|A|G|G|T|A|C|A|T|C|C|T|G|G|T|T|C|-|A|G|C|C|A|C|-|C|G|C|G|G|A|C|G|A
M514A,Hap5,C|C|T|A|C|G|C|A|C|G|C|T|T|T|C|A|C|T|G|+|-|C|G|G|T|G|A|C|G|T|C|T|A|C|A|T|A|G|G|T|A|C|A|T|C|C|T|G|G|T|T|C|-|A|G|C|C|A|C|-|C|G|C|G|G|A|C|G|A
M515A,Hap5,C|C|T|A|C|G|C|A|C|G|C|T|T|T|C|A|C|T|G|+|-|C|G|G|T|G|A|C|G|T|C|T|A|C|A|T|A|G|G|T|A|C|A|T|C|C|T|G|G|T|T|C|-|A|G|C|C|A|C|-|C|G|C|G|G|A|C|G|A
M516A,Hap5,C|C|T|A|C|G|C|A|C|G|C|T|T|T|C|A|C|T|G|+|-|C|G|G|T|G|A|C|G|T|C|T|A|C|A|T|A|G|G|T|A|C|A|T|C|C|T|G|G|T|T|C|-|A|G|C|C|A|C|-|C|G|C|G|G|A|C|G|A
M517A,Hap4,C|C|T|A|C|A|C|A|C|G|C|T|T|T|C|A|C|T|G|+|-|C|G|G|T|G|A|C|T|T|C|T|A|C|A|T|A|G|G|T|A|C|A|T|C|C|T|G|G|T|T|C|-|A|G|C|C|A|C|-|C|G|C|G|G|A|C|G|G
M518A,Hap3,C|C|-|A|C|G|C|A|C|G|C|T|T|T|C|A|C|T|G|+|-|C|G|G|T|G|A|C|G|T|C|T|A|C|A|T|A|G|G|T|A|C|A|T|C|C|T|G|G|T|T|C|-|A|G|C|C|A|C|-|C|G|C|G|G|A|C|G|A
M519A,Hap5,C|C|T|A|C|G|C|A|C|G|C|T|T|T|C|A|C|T|G|+|-|C|G|G|T|G|A|C|G|T|C|T|A|C|A|T|A|G|G|T|A|C|A|T|C|C|T|G|G|T|T|C|-|A|G|C|C|A|C|-|C|G|C|G|G|A|C|G|A
M51A,Hap18,C|C|T|A|C|A|C|A|C|G|C|T|T|T|C|A|C|T|C|T|T|C|G|G|T|G|A|C|G|T|C|T|A|C|A|T|G|G|G|T|G|C|G|T|T|C|C|G|G|T|T|C|A|G|G|T|C|A|C|T|C|A|C|G|G|G|C|G|G
M520A,Hap2,C|C|T|A|C|A|C|A|C|G|C|T|T|C|+|A|C|T|C|T|T|C|G|G|T|G|A|C|G|T|C|T|A|C|A|T|G|G|G|T|G|C|G|T|T|C|C|G|G|T|T|C|A|G|G|T|C|A|C|T|C|A|C|G|G|G|C|G|G
M521A,Hap2,C|C|T|A|C|A|C|A|C|G|C|T|T|C|+|A|C|T|C|T|T|C|G|G|T|G|A|C|G|T|C|T|A|C|A|T|G|G|G|T|G|C|G|T|T|C|C|G|G|T|T|C|A|G|G|T|C|A|C|T|C|A|C|G|G|G|C|G|G
M522A,Hap10,C|C|T|A|C|A|C|A|C|G|C|T|T|T|C|A|C|A|C|T|T|C|G|G|T|G|A|C|G|T|C|T|A|C|A|T|G|G|G|T|G|C|G|T|T|C|C|G|G|T|T|C|A|G|G|T|C|A|C|T|C|A|C|G|G|G|C|G|G
M523A,Hap9,C|-|T|A|C|A|C|A|C|G|C|T|T|T|C|A|C|A|C|T|T|C|G|G|T|G|A|C|G|T|C|T|A|C|A|T|G|G|G|T|G|C|G|T|T|C|C|G|G|T|T|C|A|G|G|T|C|A|C|T|C|A|C|G|G|G|C|G|G
M52A,Hap1,C|C|T|A|C|A|C|A|C|G|C|T|T|T|C|A|C|T|G|+|-|C|G|G|T|G|A|C|T|T|C|T|A|C|A|T|A|G|G|T|A|C|A|T|C|C|T|G|G|T|T|C|-|A|G|C|C|A|C|-|C|A|C|G|G|A|C|G|G
M53A,Hap1,C|C|T|A|C|A|C|A|C|G|C|T|T|T|C|A|C|T|G|+|-|C|G|G|T|G|A|C|T|T|C|T|A|C|A|T|A|G|G|T|A|C|A|T|C|C|T|G|G|T|T|C|-|A|G|C|C|A|C|-|C|A|C|G|G|A|C|G|G
M54A,Hap1,C|C|T|A|C|A|C|A|C|G|C|T|T|T|C|A|C|T|G|+|-|C|G|G|T|G|A|C|T|T|C|T|A|C|A|T|A|G|G|T|A|C|A|T|C|C|T|G|G|T|T|C|-|A|G|C|C|A|C|-|C|A|C|G|G|A|C|G|G
M55A,Hap1,C|C|T|A|C|A|C|A|C|G|C|T|T|T|C|A|C|T|G|+|-|C|G|G|T|G|A|C|T|T|C|T|A|C|A|T|A|G|G|T|A|C|A|T|C|C|T|G|G|T|T|C|-|A|G|C|C|A|C|-|C|A|C|G|G|A|C|G|G
M56A,Hap42,-|C|T|A|C|A|C|A|C|G|C|T|T|T|C|A|C|A|C|T|T|C|G|G|T|G|A|C|G|T|-|G|A|T|G|C|G|G|G|T|G|C|A|T|C|C|C|G|G|G|A|+|A|A|T|C|G|A|C|T|+|A|C|G|G|G|+|-|G
M57A,Hap1,C|C|T|A|C|A|C|A|C|G|C|T|T|T|C|A|C|T|G|+|-|C|G|G|T|G|A|C|T|T|C|T|A|C|A|T|A|G|G|T|A|C|A|T|C|C|T|G|G|T|T|C|-|A|G|C|C|A|C|-|C|A|C|G|G|A|C|G|G
M58A,Hap1,C|C|T|A|C|A|C|A|C|G|C|T|T|T|C|A|C|T|G|+|-|C|G|G|T|G|A|C|T|T|C|T|A|C|A|T|A|G|G|T|A|C|A|T|C|C|T|G|G|T|T|C|-|A|G|C|C|A|C|-|C|A|C|G|G|A|C|G|G
M59A,Hap1,C|C|T|A|C|A|C|A|C|G|C|T|T|T|C|A|C|T|G|+|-|C|G|G|T|G|A|C|T|T|C|T|A|C|A|T|A|G|G|T|A|C|A|T|C|C|T|G|G|T|T|C|-|A|G|C|C|A|C|-|C|A|C|G|G|A|C|G|G
M5A,Hap14,C|C|-|A|C|A|-|A|C|G|C|T|T|C|C|A|C|T|C|T|T|C|G|G|T|G|A|C|G|T|C|T|A|C|A|T|G|G|G|T|G|C|G|T|T|C|C|G|G|T|T|C|A|G|G|T|C|A|C|T|C|A|C|G|G|G|C|G|G
M60A,Hap1,C|C|T|A|C|A|C|A|C|G|C|T|T|T|C|A|C|T|G|+|-|C|G|G|T|G|A|C|T|T|C|T|A|C|A|T|A|G|G|T|A|C|A|T|C|C|T|G|G|T|T|C|-|A|G|C|C|A|C|-|C|A|C|G|G|A|C|G|G
M61A,Hap2,C|C|T|A|C|A|C|A|C|G|C|T|T|C|+|A|C|T|C|T|T|C|G|G|T|G|A|C|G|T|C|T|A|C|A|T|G|G|G|T|G|C|G|T|T|C|C|G|G|T|T|C|A|G|G|T|C|A|C|T|C|A|C|G|G|G|C|G|G
M62A,Hap22,C|C|T|A|C|A|C|A|C|G|C|T|T|T|C|A|C|T|G|+|T|C|G|G|T|G|A|C|G|T|C|T|A|C|A|T|G|G|G|T|A|C|A|T|C|C|T|G|G|T|T|C|-|A|G|C|C|A|C|-|C|G|C|G|G|A|C|G|G
M63A,Hap1,C|C|T|A|C|A|C|A|C|G|C|T|T|T|C|A|C|T|G|+|-|C|G|G|T|G|A|C|T|T|C|T|A|C|A|T|A|G|G|T|A|C|A|T|C|C|T|G|G|T|T|C|-|A|G|C|C|A|C|-|C|A|C|G|G|A|C|G|G
M64A,Hap1,C|C|T|A|C|A|C|A|C|G|C|T|T|T|C|A|C|T|G|+|-|C|G|G|T|G|A|C|T|T|C|T|A|C|A|T|A|G|G|T|A|C|A|T|C|C|T|G|G|T|T|C|-|A|G|C|C|A|C|-|C|A|C|G|G|A|C|G|G
M65A,Hap2,C|C|T|A|C|A|C|A|C|G|C|T|T|C|+|A|C|T|C|T|T|C|G|G|T|G|A|C|G|T|C|T|A|C|A|T|G|G|G|T|G|C|G|T|T|C|C|G|G|T|T|C|A|G|G|T|C|A|C|T|C|A|C|G|G|G|C|G|G
M66A,Hap1,C|C|T|A|C|A|C|A|C|G|C|T|T|T|C|A|C|T|G|+|-|C|G|G|T|G|A|C|T|T|C|T|A|C|A|T|A|G|G|T|A|C|A|T|C|C|T|G|G|T|T|C|-|A|G|C|C|A|C|-|C|A|C|G|G|A|C|G|G
M67A,Hap2,C|C|T|A|C|A|C|A|C|G|C|T|T|C|+|A|C|T|C|T|T|C|G|G|T|G|A|C|G|T|C|T|A|C|A|T|G|G|G|T|G|C|G|T|T|C|C|G|G|T|T|C|A|G|G|T|C|A|C|T|C|A|C|G|G|G|C|G|G
M68A,Hap9,C|-|T|A|C|A|C|A|C|G|C|T|T|T|C|A|C|A|C|T|T|C|G|G|T|G|A|C|G|T|C|T|A|C|A|T|G|G|G|T|G|C|G|T|T|C|C|G|G|T|T|C|A|G|G|T|C|A|C|T|C|A|C|G|G|G|C|G|G
M69A,Hap6,C|C|T|A|C|A|C|A|C|G|C|T|T|T|C|A|C|T|G|+|-|C|G|G|T|G|A|C|G|T|C|T|A|C|A|T|A|G|G|T|A|C|A|T|C|C|T|G|G|T|T|C|-|A|G|C|C|A|C|-|C|A|C|G|G|A|C|G|G
M6A,Hap8,C|C|T|A|C|A|C|A|C|G|C|T|T|T|C|A|C|T|G|+|-|C|G|G|T|A|A|C|T|T|C|T|A|C|A|T|A|G|G|T|A|C|A|T|C|C|T|G|G|T|T|C|-|A|G|C|C|A|C|-|C|A|C|G|G|A|C|G|G
M70A,Hap8,C|C|T|A|C|A|C|A|C|G|C|T|T|T|C|A|C|T|G|+|-|C|G|G|T|A|A|C|T|T|C|T|A|C|A|T|A|G|G|T|A|C|A|T|C|C|T|G|G|T|T|C|-|A|G|C|C|A|C|-|C|A|C|G|G|A|C|G|G
M72A,Hap6,C|C|T|A|C|A|C|A|C|G|C|T|T|T|C|A|C|T|G|+|-|C|G|G|T|G|A|C|G|T|C|T|A|C|A|T|A|G|G|T|A|C|A|T|C|C|T|G|G|T|T|C|-|A|G|C|C|A|C|-|C|A|C|G|G|A|C|G|G
M74A,Hap2,C|C|T|A|C|A|C|A|C|G|C|T|T|C|+|A|C|T|C|T|T|C|G|G|T|G|A|C|G|T|C|T|A|C|A|T|G|G|G|T|G|C|G|T|T|C|C|G|G|T|T|C|A|G|G|T|C|A|C|T|C|A|C|G|G|G|C|G|G
M75A,Hap19,C|C|T|A|C|A|-|A|C|G|C|T|T|T|C|A|C|T|G|+|-|C|G|G|T|G|A|C|G|T|C|T|A|C|A|T|A|G|G|T|A|C|A|T|C|C|T|G|G|T|T|C|-|A|G|C|C|A|C|-|C|A|C|G|G|A|C|G|A
M76A,Hap32,C|C|T|A|C|A|-|G|C|G|C|T|T|T|C|A|C|T|G|+|-|C|G|G|T|G|A|C|G|T|C|T|A|C|A|T|A|G|G|T|A|C|A|T|C|C|T|T|G|T|T|C|-|A|G|C|C|A|C|-|C|A|C|G|G|A|C|G|A
M77A,Hap1,C|C|T|A|C|A|C|A|C|G|C|T|T|T|C|A|C|T|G|+|-|C|G|G|T|G|A|C|T|T|C|T|A|C|A|T|A|G|G|T|A|C|A|T|C|C|T|G|G|T|T|C|-|A|G|C|C|A|C|-|C|A|C|G|G|A|C|G|G
M78A,Hap4,C|C|T|A|C|A|C|A|C|G|C|T|T|T|C|A|C|T|G|+|-|C|G|G|T|G|A|C|T|T|C|T|A|C|A|T|A|G|G|T|A|C|A|T|C|C|T|G|G|T|T|C|-|A|G|C|C|A|C|-|C|G|C|G|G|A|C|G|G
M79A,Hap1,C|C|T|A|C|A|C|A|C|G|C|T|T|T|C|A|C|T|G|+|-|C|G|G|T|G|A|C|T|T|C|T|A|C|A|T|A|G|G|T|A|C|A|T|C|C|T|G|G|T|T|C|-|A|G|C|C|A|C|-|C|A|C|G|G|A|C|G|G
M80A,Hap1,C|C|T|A|C|A|C|A|C|G|C|T|T|T|C|A|C|T|G|+|-|C|G|G|T|G|A|C|T|T|C|T|A|C|A|T|A|G|G|T|A|C|A|T|C|C|T|G|G|T|T|C|-|A|G|C|C|A|C|-|C|A|C|G|G|A|C|G|G
M81A,Hap1,C|C|T|A|C|A|C|A|C|G|C|T|T|T|C|A|C|T|G|+|-|C|G|G|T|G|A|C|T|T|C|T|A|C|A|T|A|G|G|T|A|C|A|T|C|C|T|G|G|T|T|C|-|A|G|C|C|A|C|-|C|A|C|G|G|A|C|G|G
M83A,Hap31,C|C|T|A|C|A|C|A|C|G|T|T|T|T|+|A|C|T|C|T|-|C|G|-|T|G|A|C|G|T|C|T|A|C|A|T|G|G|G|T|G|C|A|T|C|C|C|G|G|T|T|C|A|A|G|C|C|A|C|T|C|A|C|G|G|G|+|-|G
M84A,Hap1,C|C|T|A|C|A|C|A|C|G|C|T|T|T|C|A|C|T|G|+|-|C|G|G|T|G|A|C|T|T|C|T|A|C|A|T|A|G|G|T|A|C|A|T|C|C|T|G|G|T|T|C|-|A|G|C|C|A|C|-|C|A|C|G|G|A|C|G|G
M85A,Hap1,C|C|T|A|C|A|C|A|C|G|C|T|T|T|C|A|C|T|G|+|-|C|G|G|T|G|A|C|T|T|C|T|A|C|A|T|A|G|G|T|A|C|A|T|C|C|T|G|G|T|T|C|-|A|G|C|C|A|C|-|C|A|C|G|G|A|C|G|G
M86A,Hap1,C|C|T|A|C|A|C|A|C|G|C|T|T|T|C|A|C|T|G|+|-|C|G|G|T|G|A|C|T|T|C|T|A|C|A|T|A|G|G|T|A|C|A|T|C|C|T|G|G|T|T|C|-|A|G|C|C|A|C|-|C|A|C|G|G|A|C|G|G
M87A,Hap31,C|C|T|A|C|A|C|A|C|G|T|T|T|T|+|A|C|T|C|T|-|C|G|-|T|G|A|C|G|T|C|T|A|C|A|T|G|G|G|T|G|C|A|T|C|C|C|G|G|T|T|C|A|A|G|C|C|A|C|T|C|A|C|G|G|G|+|-|G
M88A,Hap6,C|C|T|A|C|A|C|A|C|G|C|T|T|T|C|A|C|T|G|+|-|C|G|G|T|G|A|C|G|T|C|T|A|C|A|T|A|G|G|T|A|C|A|T|C|C|T|G|G|T|T|C|-|A|G|C|C|A|C|-|C|A|C|G|G|A|C|G|G
M89A,Hap1,C|C|T|A|C|A|C|A|C|G|C|T|T|T|C|A|C|T|G|+|-|C|G|G|T|G|A|C|T|T|C|T|A|C|A|T|A|G|G|T|A|C|A|T|C|C|T|G|G|T|T|C|-|A|G|C|C|A|C|-|C|A|C|G|G|A|C|G|G
M8A,Hap1,C|C|T|A|C|A|C|A|C|G|C|T|T|T|C|A|C|T|G|+|-|C|G|G|T|G|A|C|T|T|C|T|A|C|A|T|A|G|G|T|A|C|A|T|C|C|T|G|G|T|T|C|-|A|G|C|C|A|C|-|C|A|C|G|G|A|C|G|G
M90A,Hap1,C|C|T|A|C|A|C|A|C|G|C|T|T|T|C|A|C|T|G|+|-|C|G|G|T|G|A|C|T|T|C|T|A|C|A|T|A|G|G|T|A|C|A|T|C|C|T|G|G|T|T|C|-|A|G|C|C|A|C|-|C|A|C|G|G|A|C|G|G
M91A,Hap35,C|C|T|A|C|A|C|A|C|G|C|T|T|T|+|A|C|T|C|T|T|C|G|G|T|G|A|C|G|T|C|T|A|C|A|T|G|G|G|T|G|C|G|T|T|C|C|G|G|T|T|C|A|G|G|T|C|A|C|T|C|A|C|G|G|G|C|G|G
M92A,Hap1,C|C|T|A|C|A|C|A|C|G|C|T|T|T|C|A|C|T|G|+|-|C|G|G|T|G|A|C|T|T|C|T|A|C|A|T|A|G|G|T|A|C|A|T|C|C|T|G|G|T|T|C|-|A|G|C|C|A|C|-|C|A|C|G|G|A|C|G|G
M93A,Hap1,C|C|T|A|C|A|C|A|C|G|C|T|T|T|C|A|C|T|G|+|-|C|G|G|T|G|A|C|T|T|C|T|A|C|A|T|A|G|G|T|A|C|A|T|C|C|T|G|G|T|T|C|-|A|G|C|C|A|C|-|C|A|C|G|G|A|C|G|G
M94A,Hap1,C|C|T|A|C|A|C|A|C|G|C|T|T|T|C|A|C|T|G|+|-|C|G|G|T|G|A|C|T|T|C|T|A|C|A|T|A|G|G|T|A|C|A|T|C|C|T|G|G|T|T|C|-|A|G|C|C|A|C|-|C|A|C|G|G|A|C|G|G
M95A,Hap31,C|C|T|A|C|A|C|A|C|G|T|T|T|T|+|A|C|T|C|T|-|C|G|-|T|G|A|C|G|T|C|T|A|C|A|T|G|G|G|T|G|C|A|T|C|C|C|G|G|T|T|C|A|A|G|C|C|A|C|T|C|A|C|G|G|G|+|-|G
M96A,Hap8,C|C|T|A|C|A|C|A|C|G|C|T|T|T|C|A|C|T|G|+|-|C|G|G|T|A|A|C|T|T|C|T|A|C|A|T|A|G|G|T|A|C|A|T|C|C|T|G|G|T|T|C|-|A|G|C|C|A|C|-|C|A|C|G|G|A|C|G|G
M97A,Hap6,C|C|T|A|C|A|C|A|C|G|C|T|T|T|C|A|C|T|G|+|-|C|G|G|T|G|A|C|G|T|C|T|A|C|A|T|A|G|G|T|A|C|A|T|C|C|T|G|G|T|T|C|-|A|G|C|C|A|C|-|C|A|C|G|G|A|C|G|G
M98A,Hap1,C|C|T|A|C|A|C|A|C|G|C|T|T|T|C|A|C|T|G|+|-|C|G|G|T|G|A|C|T|T|C|T|A|C|A|T|A|G|G|T|A|C|A|T|C|C|T|G|G|T|T|C|-|A|G|C|C|A|C|-|C|A|C|G|G|A|C|G|G
M99A,Hap1,C|C|T|A|C|A|C|A|C|G|C|T|T|T|C|A|C|T|G|+|-|C|G|G|T|G|A|C|T|T|C|T|A|C|A|T|A|G|G|T|A|C|A|T|C|C|T|G|G|T|T|C|-|A|G|C|C|A|C|-|C|A|C|G|G|A|C|G|G
M9A,Hap10,C|C|T|A|C|A|C|A|C|G|C|T|T|T|C|A|C|A|C|T|T|C|G|G|T|G|A|C|G|T|C|T|A|C|A|T|G|G|G|T|G|C|G|T|T|C|C|G|G|T|T|C|A|G|G|T|C|A|C|T|C|A|C|G|G|G|C|G|G
WB1023,Hap2,C|C|T|A|C|A|C|A|C|G|C|T|T|C|+|A|C|T|C|T|T|C|G|G|T|G|A|C|G|T|C|T|A|C|A|T|G|G|G|T|G|C|G|T|T|C|C|G|G|T|T|C|A|G|G|T|C|A|C|T|C|A|C|G|G|G|C|G|G
WB1025,Hap43,-|C|T|A|C|A|-|A|C|G|C|T|T|T|C|A|C|T|C|T|T|C|G|G|T|G|A|C|G|T|-|G|A|T|G|C|G|G|G|T|G|C|A|T|C|C|C|G|G|G|A|+|A|A|T|C|G|A|C|T|+|A|C|G|G|G|+|-|G
WB1026,Hap2,C|C|T|A|C|A|C|A|C|G|C|T|T|C|+|A|C|T|C|T|T|C|G|G|T|G|A|C|G|T|C|T|A|C|A|T|G|G|G|T|G|C|G|T|T|C|C|G|G|T|T|C|A|G|G|T|C|A|C|T|C|A|C|G|G|G|C|G|G
WB1027,Hap4,C|C|T|A|C|A|C|A|C|G|C|T|T|T|C|A|C|T|G|+|-|C|G|G|T|G|A|C|T|T|C|T|A|C|A|T|A|G|G|T|A|C|A|T|C|C|T|G|G|T|T|C|-|A|G|C|C|A|C|-|C|G|C|G|G|A|C|G|G
WB1028,Hap40,C|C|T|A|C|A|C|A|C|G|C|T|T|T|C|A|C|T|G|+|-|C|G|G|T|G|A|C|G|T|C|T|A|C|A|T|G|G|G|T|A|C|A|T|C|C|T|G|G|T|T|C|-|A|G|C|C|A|C|-|C|G|C|G|G|A|C|G|G
WB1029,Hap4,C|C|T|A|C|A|C|A|C|G|C|T|T|T|C|A|C|T|G|+|-|C|G|G|T|G|A|C|T|T|C|T|A|C|A|T|A|G|G|T|A|C|A|T|C|C|T|G|G|T|T|C|-|A|G|C|C|A|C|-|C|G|C|G|G|A|C|G|G
WB1032,Hap11,C|C|T|A|C|A|-|A|C|G|T|T|T|T|C|A|C|T|C|T|-|C|G|G|T|G|A|C|G|T|C|T|A|C|A|T|G|G|G|T|G|C|G|T|T|-|C|G|G|T|T|C|A|G|G|T|C|A|C|T|C|A|C|G|C|G|C|G|G
WB1033,Hap32,C|C|T|A|C|A|-|G|C|G|C|T|T|T|C|A|C|T|G|+|-|C|G|G|T|G|A|C|G|T|C|T|A|C|A|T|A|G|G|T|A|C|A|T|C|C|T|T|G|T|T|C|-|A|G|C|C|A|C|-|C|A|C|G|G|A|C|G|A
WB1035,Hap11,C|C|T|A|C|A|-|A|C|G|T|T|T|T|C|A|C|T|C|T|-|C|G|G|T|G|A|C|G|T|C|T|A|C|A|T|G|G|G|T|G|C|G|T|T|-|C|G|G|T|T|C|A|G|G|T|C|A|C|T|C|A|C|G|C|G|C|G|G
WB1036,Hap11,C|C|T|A|C|A|-|A|C|G|T|T|T|T|C|A|C|T|C|T|-|C|G|G|T|G|A|C|G|T|C|T|A|C|A|T|G|G|G|T|G|C|G|T|T|-|C|G|G|T|T|C|A|G|G|T|C|A|C|T|C|A|C|G|C|G|C|G|G
WB1037,Hap2,C|C|T|A|C|A|C|A|C|G|C|T|T|C|+|A|C|T|C|T|T|C|G|G|T|G|A|C|G|T|C|T|A|C|A|T|G|G|G|T|G|C|G|T|T|C|C|G|G|T|T|C|A|G|G|T|C|A|C|T|C|A|C|G|G|G|C|G|G
WB1038,Hap11,C|C|T|A|C|A|-|A|C|G|T|T|T|T|C|A|C|T|C|T|-|C|G|G|T|G|A|C|G|T|C|T|A|C|A|T|G|G|G|T|G|C|G|T|T|-|C|G|G|T|T|C|A|G|G|T|C|A|C|T|C|A|C|G|C|G|C|G|G
WB1039,Hap11,C|C|T|A|C|A|-|A|C|G|T|T|T|T|C|A|C|T|C|T|-|C|G|G|T|G|A|C|G|T|C|T|A|C|A|T|G|G|G|T|G|C|G|T|T|-|C|G|G|T|T|C|A|G|G|T|C|A|C|T|C|A|C|G|C|G|C|G|G
WB1040,Hap1,C|C|T|A|C|A|C|A|C|G|C|T|T|T|C|A|C|T|G|+|-|C|G|G|T|G|A|C|T|T|C|T|A|C|A|T|A|G|G|T|A|C|A|T|C|C|T|G|G|T|T|C|-|A|G|C|C|A|C|-|C|A|C|G|G|A|C|G|G
WB1041,Hap29,C|C|T|G|C|A|-|A|C|G|C|T|T|T|C|A|C|T|G|+|-|C|G|G|T|G|A|C|G|T|C|T|A|C|A|T|A|G|G|T|A|C|A|T|C|C|T|T|G|T|T|C|-|A|G|C|C|A|C|-|C|A|C|G|G|A|C|G|A
WB1042,Hap30,C|C|T|A|C|A|C|A|C|G|C|T|T|T|C|A|C|T|G|+|-|C|G|G|T|G|A|C|G|T|C|T|A|C|A|T|A|G|G|T|A|C|A|T|C|C|T|T|G|T|T|C|-|A|G|C|C|A|C|-|C|A|C|G|G|A|C|G|A
WB1043,Hap30,C|C|T|A|C|A|C|A|C|G|C|T|T|T|C|A|C|T|G|+|-|C|G|G|T|G|A|C|G|T|C|T|A|C|A|T|A|G|G|T|A|C|A|T|C|C|T|T|G|T|T|C|-|A|G|C|C|A|C|-|C|A|C|G|G|A|C|G|A
WB1044,Hap1,C|C|T|A|C|A|C|A|C|G|C|T|T|T|C|A|C|T|G|+|-|C|G|G|T|G|A|C|T|T|C|T|A|C|A|T|A|G|G|T|A|C|A|T|C|C|T|G|G|T|T|C|-|A|G|C|C|A|C|-|C|A|C|G|G|A|C|G|G
WB1045,Hap1,C|C|T|A|C|A|C|A|C|G|C|T|T|T|C|A|C|T|G|+|-|C|G|G|T|G|A|C|T|T|C|T|A|C|A|T|A|G|G|T|A|C|A|T|C|C|T|G|G|T|T|C|-|A|G|C|C|A|C|-|C|A|C|G|G|A|C|G|G
WB1046,Hap23,C|C|T|A|C|A|C|A|C|G|C|T|T|C|+|A|C|T|C|T|T|C|G|G|T|G|A|C|G|C|-|G|A|T|G|C|G|G|T|G|G|C|A|A|C|C|C|G|G|T|A|C|A|A|T|C|G|A|C|T|+|A|C|-|G|G|C|G|G
WB1047,Hap4,C|C|T|A|C|A|C|A|C|G|C|T|T|T|C|A|C|T|G|+|-|C|G|G|T|G|A|C|T|T|C|T|A|C|A|T|A|G|G|T|A|C|A|T|C|C|T|G|G|T|T|C|-|A|G|C|C|A|C|-|C|G|C|G|G|A|C|G|G
WB1048,Hap4,C|C|T|A|C|A|C|A|C|G|C|T|T|T|C|A|C|T|G|+|-|C|G|G|T|G|A|C|T|T|C|T|A|C|A|T|A|G|G|T|A|C|A|T|C|C|T|G|G|T|T|C|-|A|G|C|C|A|C|-|C|G|C|G|G|A|C|G|G
WB1049,Hap2,C|C|T|A|C|A|C|A|C|G|C|T|T|C|+|A|C|T|C|T|T|C|G|G|T|G|A|C|G|T|C|T|A|C|A|T|G|G|G|T|G|C|G|T|T|C|C|G|G|T|T|C|A|G|G|T|C|A|C|T|C|A|C|G|G|G|C|G|G
WB1050,Hap4,C|C|T|A|C|A|C|A|C|G|C|T|T|T|C|A|C|T|G|+|-|C|G|G|T|G|A|C|T|T|C|T|A|C|A|T|A|G|G|T|A|C|A|T|C|C|T|G|G|T|T|C|-|A|G|C|C|A|C|-|C|G|C|G|G|A|C|G|G
WB1051,Hap12,C|C|T|G|C|A|-|A|C|G|C|T|T|T|C|A|C|T|G|+|-|C|G|G|T|G|A|C|G|T|C|T|A|C|A|T|A|G|G|T|A|C|A|T|C|C|T|G|G|T|T|C|-|A|G|C|C|A|C|-|C|A|C|G|G|A|C|G|A
WB1052,Hap1,C|C|T|A|C|A|C|A|C|G|C|T|T|T|C|A|C|T|G|+|-|C|G|G|T|G|A|C|T|T|C|T|A|C|A|T|A|G|G|T|A|C|A|T|C|C|T|G|G|T|T|C|-|A|G|C|C|A|C|-|C|A|C|G|G|A|C|G|G
WB1053,Hap11,C|C|T|A|C|A|-|A|C|G|T|T|T|T|C|A|C|T|C|T|-|C|G|G|T|G|A|C|G|T|C|T|A|C|A|T|G|G|G|T|G|C|G|T|T|-|C|G|G|T|T|C|A|G|G|T|C|A|C|T|C|A|C|G|C|G|C|G|G
WB1054,Hap1,C|C|T|A|C|A|C|A|C|G|C|T|T|T|C|A|C|T|G|+|-|C|G|G|T|G|A|C|T|T|C|T|A|C|A|T|A|G|G|T|A|C|A|T|C|C|T|G|G|T|T|C|-|A|G|C|C|A|C|-|C|A|C|G|G|A|C|G|G
WB1055,Hap4,C|C|T|A|C|A|C|A|C|G|C|T|T|T|C|A|C|T|G|+|-|C|G|G|T|G|A|C|T|T|C|T|A|C|A|T|A|G|G|T|A|C|A|T|C|C|T|G|G|T|T|C|-|A|G|C|C|A|C|-|C|G|C|G|G|A|C|G|G
WB1056,Hap29,C|C|T|G|C|A|-|A|C|G|C|T|T|T|C|A|C|T|G|+|-|C|G|G|T|G|A|C|G|T|C|T|A|C|A|T|A|G|G|T|A|C|A|T|C|C|T|T|G|T|T|C|-|A|G|C|C|A|C|-|C|A|C|G|G|A|C|G|A
WB1057,Hap1,C|C|T|A|C|A|C|A|C|G|C|T|T|T|C|A|C|T|G|+|-|C|G|G|T|G|A|C|T|T|C|T|A|C|A|T|A|G|G|T|A|C|A|T|C|C|T|G|G|T|T|C|-|A|G|C|C|A|C|-|C|A|C|G|G|A|C|G|G
WB1058,Hap4,C|C|T|A|C|A|C|A|C|G|C|T|T|T|C|A|C|T|G|+|-|C|G|G|T|G|A|C|T|T|C|T|A|C|A|T|A|G|G|T|A|C|A|T|C|C|T|G|G|T|T|C|-|A|G|C|C|A|C|-|C|G|C|G|G|A|C|G|G
WB1059,Hap1,C|C|T|A|C|A|C|A|C|G|C|T|T|T|C|A|C|T|G|+|-|C|G|G|T|G|A|C|T|T|C|T|A|C|A|T|A|G|G|T|A|C|A|T|C|C|T|G|G|T|T|C|-|A|G|C|C|A|C|-|C|A|C|G|G|A|C|G|G
WB1060,Hap19,C|C|T|A|C|A|-|A|C|G|C|T|T|T|C|A|C|T|G|+|-|C|G|G|T|G|A|C|G|T|C|T|A|C|A|T|A|G|G|T|A|C|A|T|C|C|T|G|G|T|T|C|-|A|G|C|C|A|C|-|C|A|C|G|G|A|C|G|A
WB1061,Hap1,C|C|T|A|C|A|C|A|C|G|C|T|T|T|C|A|C|T|G|+|-|C|G|G|T|G|A|C|T|T|C|T|A|C|A|T|A|G|G|T|A|C|A|T|C|C|T|G|G|T|T|C|-|A|G|C|C|A|C|-|C|A|C|G|G|A|C|G|G
WB1062,Hap1,C|C|T|A|C|A|C|A|C|G|C|T|T|T|C|A|C|T|G|+|-|C|G|G|T|G|A|C|T|T|C|T|A|C|A|T|A|G|G|T|A|C|A|T|C|C|T|G|G|T|T|C|-|A|G|C|C|A|C|-|C|A|C|G|G|A|C|G|G
WB1063,Hap4,C|C|T|A|C|A|C|A|C|G|C|T|T|T|C|A|C|T|G|+|-|C|G|G|T|G|A|C|T|T|C|T|A|C|A|T|A|G|G|T|A|C|A|T|C|C|T|G|G|T|T|C|-|A|G|C|C|A|C|-|C|G|C|G|G|A|C|G|G
WB1064,Hap1,C|C|T|A|C|A|C|A|C|G|C|T|T|T|C|A|C|T|G|+|-|C|G|G|T|G|A|C|T|T|C|T|A|C|A|T|A|G|G|T|A|C|A|T|C|C|T|G|G|T|T|C|-|A|G|C|C|A|C|-|C|A|C|G|G|A|C|G|G
WB1065,Hap1,C|C|T|A|C|A|C|A|C|G|C|T|T|T|C|A|C|T|G|+|-|C|G|G|T|G|A|C|T|T|C|T|A|C|A|T|A|G|G|T|A|C|A|T|C|C|T|G|G|T|T|C|-|A|G|C|C|A|C|-|C|A|C|G|G|A|C|G|G
WB1066,Hap29,C|C|T|G|C|A|-|A|C|G|C|T|T|T|C|A|C|T|G|+|-|C|G|G|T|G|A|C|G|T|C|T|A|C|A|T|A|G|G|T|A|C|A|T|C|C|T|T|G|T|T|C|-|A|G|C|C|A|C|-|C|A|C|G|G|A|C|G|A
WB1067,Hap28,C|C|T|A|C|A|C|A|C|G|C|T|T|T|C|A|C|T|C|T|T|C|G|G|T|G|A|C|G|T|C|T|A|C|A|T|G|G|G|T|G|C|A|T|C|C|C|G|G|T|T|C|A|A|G|C|C|A|C|T|C|A|C|G|G|G|C|G|G
WB1068,Hap1,C|C|T|A|C|A|C|A|C|G|C|T|T|T|C|A|C|T|G|+|-|C|G|G|T|G|A|C|T|T|C|T|A|C|A|T|A|G|G|T|A|C|A|T|C|C|T|G|G|T|T|C|-|A|G|C|C|A|C|-|C|A|C|G|G|A|C|G|G
WB1069,Hap37,C|C|T|A|C|A|C|A|C|G|C|T|T|C|+|A|C|T|C|T|T|C|G|G|T|G|A|C|G|T|-|G|A|T|G|C|G|G|G|T|G|C|A|T|C|C|C|G|G|T|A|+|A|A|T|C|G|A|C|T|+|A|C|G|G|G|C|G|G
WB1070,Hap28,C|C|T|A|C|A|C|A|C|G|C|T|T|T|C|A|C|T|C|T|T|C|G|G|T|G|A|C|G|T|C|T|A|C|A|T|G|G|G|T|G|C|A|T|C|C|C|G|G|T|T|C|A|A|G|C|C|A|C|T|C|A|C|G|G|G|C|G|G
WB1072,Hap23,C|C|T|A|C|A|C|A|C|G|C|T|T|C|+|A|C|T|C|T|T|C|G|G|T|G|A|C|G|C|-|G|A|T|G|C|G|G|T|G|G|C|A|A|C|C|C|G|G|T|A|C|A|A|T|C|G|A|C|T|+|A|C|-|G|G|C|G|G
WB1073,Hap12,C|C|T|G|C|A|-|A|C|G|C|T|T|T|C|A|C|T|G|+|-|C|G|G|T|G|A|C|G|T|C|T|A|C|A|T|A|G|G|T|A|C|A|T|C|C|T|G|G|T|T|C|-|A|G|C|C|A|C|-|C|A|C|G|G|A|C|G|A
WB1074,Hap12,C|C|T|G|C|A|-|A|C|G|C|T|T|T|C|A|C|T|G|+|-|C|G|G|T|G|A|C|G|T|C|T|A|C|A|T|A|G|G|T|A|C|A|T|C|C|T|G|G|T|T|C|-|A|G|C|C|A|C|-|C|A|C|G|G|A|C|G|A
WB1075,Hap30,C|C|T|A|C|A|C|A|C|G|C|T|T|T|C|A|C|T|G|+|-|C|G|G|T|G|A|C|G|T|C|T|A|C|A|T|A|G|G|T|A|C|A|T|C|C|T|T|G|T|T|C|-|A|G|C|C|A|C|-|C|A|C|G|G|A|C|G|A
WB1076,Hap12,C|C|T|G|C|A|-|A|C|G|C|T|T|T|C|A|C|T|G|+|-|C|G|G|T|G|A|C|G|T|C|T|A|C|A|T|A|G|G|T|A|C|A|T|C|C|T|G|G|T|T|C|-|A|G|C|C|A|C|-|C|A|C|G|G|A|C|G|A
WB1077,Hap12,C|C|T|G|C|A|-|A|C|G|C|T|T|T|C|A|C|T|G|+|-|C|G|G|T|G|A|C|G|T|C|T|A|C|A|T|A|G|G|T|A|C|A|T|C|C|T|G|G|T|T|C|-|A|G|C|C|A|C|-|C|A|C|G|G|A|C|G|A
WB1078,Hap17,C|C|T|A|C|A|C|A|C|G|C|T|T|T|C|A|C|T|G|+|-|C|G|G|T|G|A|C|G|T|C|T|A|C|A|T|A|G|G|T|A|C|A|T|C|C|T|G|G|T|T|C|-|A|G|C|C|A|C|-|C|A|C|G|G|A|C|G|A
WB1082,Hap11,C|C|T|A|C|A|-|A|C|G|T|T|T|T|C|A|C|T|C|T|-|C|G|G|T|G|A|C|G|T|C|T|A|C|A|T|G|G|G|T|G|C|G|T|T|-|C|G|G|T|T|C|A|G|G|T|C|A|C|T|C|A|C|G|C|G|C|G|G
WB1084,Hap32,C|C|T|A|C|A|-|G|C|G|C|T|T|T|C|A|C|T|G|+|-|C|G|G|T|G|A|C|G|T|C|T|A|C|A|T|A|G|G|T|A|C|A|T|C|C|T|T|G|T|T|C|-|A|G|C|C|A|C|-|C|A|C|G|G|A|C|G|A
WB1085,Hap44,C|C|T|A|C|A|C|A|C|G|C|T|T|T|C|A|C|T|C|T|T|C|G|G|T|G|A|C|G|T|-|G|A|T|G|C|G|G|G|T|G|C|A|T|C|C|C|G|G|G|A|C|A|A|T|C|G|A|C|T|+|A|C|G|G|G|+|-|G
WB1086,Hap18,C|C|T|A|C|A|C|A|C|G|C|T|T|T|C|A|C|T|C|T|T|C|G|G|T|G|A|C|G|T|C|T|A|C|A|T|G|G|G|T|G|C|G|T|T|C|C|G|G|T|T|C|A|G|G|T|C|A|C|T|C|A|C|G|G|G|C|G|G
WB1087,Hap6,C|C|T|A|C|A|C|A|C|G|C|T|T|T|C|A|C|T|G|+|-|C|G|G|T|G|A|C|G|T|C|T|A|C|A|T|A|G|G|T|A|C|A|T|C|C|T|G|G|T|T|C|-|A|G|C|C|A|C|-|C|A|C|G|G|A|C|G|G
WB1088,Hap1,C|C|T|A|C|A|C|A|C|G|C|T|T|T|C|A|C|T|G|+|-|C|G|G|T|G|A|C|T|T|C|T|A|C|A|T|A|G|G|T|A|C|A|T|C|C|T|G|G|T|T|C|-|A|G|C|C|A|C|-|C|A|C|G|G|A|C|G|G
WB1089,Hap19,C|C|T|A|C|A|-|A|C|G|C|T|T|T|C|A|C|T|G|+|-|C|G|G|T|G|A|C|G|T|C|T|A|C|A|T|A|G|G|T|A|C|A|T|C|C|T|G|G|T|T|C|-|A|G|C|C|A|C|-|C|A|C|G|G|A|C|G|A
WB1091,Hap17,C|C|T|A|C|A|C|A|C|G|C|T|T|T|C|A|C|T|G|+|-|C|G|G|T|G|A|C|G|T|C|T|A|C|A|T|A|G|G|T|A|C|A|T|C|C|T|G|G|T|T|C|-|A|G|C|C|A|C|-|C|A|C|G|G|A|C|G|A
WB1092,Hap13,C|C|T|A|C|G|C|A|C|G|C|T|T|T|C|A|C|T|G|+|-|C|G|G|T|G|A|C|G|T|C|T|A|C|A|T|A|G|G|T|A|C|A|T|C|C|T|G|G|T|T|C|-|A|G|C|C|A|C|-|C|A|C|G|G|A|C|G|A
WB1094,Hap16,C|C|T|A|C|A|C|A|T|G|C|T|T|C|+|A|C|T|C|T|T|C|G|G|T|G|A|C|G|T|C|T|A|C|A|T|G|G|G|T|G|C|G|T|T|C|C|G|G|T|T|C|A|G|G|T|C|A|T|T|C|A|C|G|G|G|C|G|G
WB1095,Hap16,C|C|T|A|C|A|C|A|T|G|C|T|T|C|+|A|C|T|C|T|T|C|G|G|T|G|A|C|G|T|C|T|A|C|A|T|G|G|G|T|G|C|G|T|T|C|C|G|G|T|T|C|A|G|G|T|C|A|T|T|C|A|C|G|G|G|C|G|G
WB1096,Hap44,C|C|T|A|C|A|C|A|C|G|C|T|T|T|C|A|C|T|C|T|T|C|G|G|T|G|A|C|G|T|-|G|A|T|G|C|G|G|G|T|G|C|A|T|C|C|C|G|G|G|A|C|A|A|T|C|G|A|C|T|+|A|C|G|G|G|+|-|G
WB1097,Hap16,C|C|T|A|C|A|C|A|T|G|C|T|T|C|+|A|C|T|C|T|T|C|G|G|T|G|A|C|G|T|C|T|A|C|A|T|G|G|G|T|G|C|G|T|T|C|C|G|G|T|T|C|A|G|G|T|C|A|T|T|C|A|C|G|G|G|C|G|G
WB1099,Hap16,C|C|T|A|C|A|C|A|T|G|C|T|T|C|+|A|C|T|C|T|T|C|G|G|T|G|A|C|G|T|C|T|A|C|A|T|G|G|G|T|G|C|G|T|T|C|C|G|G|T|T|C|A|G|G|T|C|A|T|T|C|A|C|G|G|G|C|G|G
WB1100,Hap16,C|C|T|A|C|A|C|A|T|G|C|T|T|C|+|A|C|T|C|T|T|C|G|G|T|G|A|C|G|T|C|T|A|C|A|T|G|G|G|T|G|C|G|T|T|C|C|G|G|T|T|C|A|G|G|T|C|A|T|T|C|A|C|G|G|G|C|G|G
WB1101,Hap16,C|C|T|A|C|A|C|A|T|G|C|T|T|C|+|A|C|T|C|T|T|C|G|G|T|G|A|C|G|T|C|T|A|C|A|T|G|G|G|T|G|C|G|T|T|C|C|G|G|T|T|C|A|G|G|T|C|A|T|T|C|A|C|G|G|G|C|G|G
WB1102,Hap6,C|C|T|A|C|A|C|A|C|G|C|T|T|T|C|A|C|T|G|+|-|C|G|G|T|G|A|C|G|T|C|T|A|C|A|T|A|G|G|T|A|C|A|T|C|C|T|G|G|T|T|C|-|A|G|C|C|A|C|-|C|A|C|G|G|A|C|G|G
WB1103,Hap33,C|C|T|A|C|A|C|A|C|G|T|+|T|T|C|G|C|T|G|+|T|C|G|G|T|G|T|C|G|T|C|T|T|C|A|T|G|G|G|T|G|T|A|T|C|C|C|G|G|T|T|C|A|A|G|T|C|A|C|T|C|A|C|G|G|G|+|-|G
WB1104,Hap6,C|C|T|A|C|A|C|A|C|G|C|T|T|T|C|A|C|T|G|+|-|C|G|G|T|G|A|C|G|T|C|T|A|C|A|T|A|G|G|T|A|C|A|T|C|C|T|G|G|T|T|C|-|A|G|C|C|A|C|-|C|A|C|G|G|A|C|G|G
WB1105,Hap1,C|C|T|A|C|A|C|A|C|G|C|T|T|T|C|A|C|T|G|+|-|C|G|G|T|G|A|C|T|T|C|T|A|C|A|T|A|G|G|T|A|C|A|T|C|C|T|G|G|T|T|C|-|A|G|C|C|A|C|-|C|A|C|G|G|A|C|G|G
WB1106,Hap2,C|C|T|A|C|A|C|A|C|G|C|T|T|C|+|A|C|T|C|T|T|C|G|G|T|G|A|C|G|T|C|T|A|C|A|T|G|G|G|T|G|C|G|T|T|C|C|G|G|T|T|C|A|G|G|T|C|A|C|T|C|A|C|G|G|G|C|G|G
WB1107,Hap2,C|C|T|A|C|A|C|A|C|G|C|T|T|C|+|A|C|T|C|T|T|C|G|G|T|G|A|C|G|T|C|T|A|C|A|T|G|G|G|T|G|C|G|T|T|C|C|G|G|T|T|C|A|G|G|T|C|A|C|T|C|A|C|G|G|G|C|G|G
WB1108,Hap2,C|C|T|A|C|A|C|A|C|G|C|T|T|C|+|A|C|T|C|T|T|C|G|G|T|G|A|C|G|T|C|T|A|C|A|T|G|G|G|T|G|C|G|T|T|C|C|G|G|T|T|C|A|G|G|T|C|A|C|T|C|A|C|G|G|G|C|G|G
WB1109,Hap45,-|C|T|A|C|A|C|A|C|G|C|T|T|T|C|A|C|T|C|T|T|C|G|G|T|G|A|C|G|T|-|G|A|T|G|C|G|G|G|T|G|C|A|T|C|C|C|G|G|G|A|C|A|A|T|C|G|A|C|T|+|A|C|G|G|G|+|-|G
WB1110,Hap41,C|C|T|A|C|A|C|A|C|G|T|T|T|T|C|G|C|T|C|T|T|C|G|G|T|G|A|C|G|T|-|G|A|T|G|C|G|G|G|T|G|C|A|T|C|C|C|G|G|T|A|+|A|A|T|C|G|A|C|T|+|A|C|G|G|G|C|G|G
WB1111,Hap45,-|C|T|A|C|A|C|A|C|G|C|T|T|T|C|A|C|T|C|T|T|C|G|G|T|G|A|C|G|T|-|G|A|T|G|C|G|G|G|T|G|C|A|T|C|C|C|G|G|G|A|C|A|A|T|C|G|A|C|T|+|A|C|G|G|G|+|-|G
WB1113,Hap25,C|C|T|A|C|A|C|A|C|G|T|T|T|T|C|G|C|T|C|T|T|C|C|G|T|G|A|C|G|T|-|G|A|T|G|C|G|G|G|T|G|C|A|T|C|C|C|G|G|T|A|+|A|A|T|C|G|A|C|T|+|A|C|G|G|G|C|G|G
WB1114,Hap6,C|C|T|A|C|A|C|A|C|G|C|T|T|T|C|A|C|T|G|+|-|C|G|G|T|G|A|C|G|T|C|T|A|C|A|T|A|G|G|T|A|C|A|T|C|C|T|G|G|T|T|C|-|A|G|C|C|A|C|-|C|A|C|G|G|A|C|G|G
WB1116,Hap46,C|C|T|A|C|A|C|A|C|G|C|T|T|C|+|A|C|T|C|T|T|C|G|G|T|G|A|C|G|C|-|G|A|T|G|C|G|G|G|T|G|C|A|A|C|C|C|G|G|T|A|C|A|A|T|C|G|A|C|T|+|A|C|-|G|G|C|G|G
WB1117,Hap27,C|C|T|A|C|A|C|A|C|G|C|T|T|C|+|A|C|T|C|T|T|C|G|G|T|G|A|C|G|C|-|G|A|T|G|C|G|G|T|T|G|C|A|A|C|C|C|G|G|T|A|C|A|A|T|C|G|A|C|T|+|A|C|-|G|G|C|G|G
WB1118,Hap2,C|C|T|A|C|A|C|A|C|G|C|T|T|C|+|A|C|T|C|T|T|C|G|G|T|G|A|C|G|T|C|T|A|C|A|T|G|G|G|T|G|C|G|T|T|C|C|G|G|T|T|C|A|G|G|T|C|A|C|T|C|A|C|G|G|G|C|G|G
WB1119,Hap23,C|C|T|A|C|A|C|A|C|G|C|T|T|C|+|A|C|T|C|T|T|C|G|G|T|G|A|C|G|C|-|G|A|T|G|C|G|G|T|G|G|C|A|A|C|C|C|G|G|T|A|C|A|A|T|C|G|A|C|T|+|A|C|-|G|G|C|G|G
WB1120,Hap46,C|C|T|A|C|A|C|A|C|G|C|T|T|C|+|A|C|T|C|T|T|C|G|G|T|G|A|C|G|C|-|G|A|T|G|C|G|G|G|T|G|C|A|A|C|C|C|G|G|T|A|C|A|A|T|C|G|A|C|T|+|A|C|-|G|G|C|G|G
WB1121,Hap27,C|C|T|A|C|A|C|A|C|G|C|T|T|C|+|A|C|T|C|T|T|C|G|G|T|G|A|C|G|C|-|G|A|T|G|C|G|G|T|T|G|C|A|A|C|C|C|G|G|T|A|C|A|A|T|C|G|A|C|T|+|A|C|-|G|G|C|G|G
WB1122,Hap23,C|C|T|A|C|A|C|A|C|G|C|T|T|C|+|A|C|T|C|T|T|C|G|G|T|G|A|C|G|C|-|G|A|T|G|C|G|G|T|G|G|C|A|A|C|C|C|G|G|T|A|C|A|A|T|C|G|A|C|T|+|A|C|-|G|G|C|G|G
WB1123,Hap2,C|C|T|A|C|A|C|A|C|G|C|T|T|C|+|A|C|T|C|T|T|C|G|G|T|G|A|C|G|T|C|T|A|C|A|T|G|G|G|T|G|C|G|T|T|C|C|G|G|T|T|C|A|G|G|T|C|A|C|T|C|A|C|G|G|G|C|G|G
WB1126,Hap1,C|C|T|A|C|A|C|A|C|G|C|T|T|T|C|A|C|T|G|+|-|C|G|G|T|G|A|C|T|T|C|T|A|C|A|T|A|G|G|T|A|C|A|T|C|C|T|G|G|T|T|C|-|A|G|C|C|A|C|-|C|A|C|G|G|A|C|G|G
WB1127,Hap4,C|C|T|A|C|A|C|A|C|G|C|T|T|T|C|A|C|T|G|+|-|C|G|G|T|G|A|C|T|T|C|T|A|C|A|T|A|G|G|T|A|C|A|T|C|C|T|G|G|T|T|C|-|A|G|C|C|A|C|-|C|G|C|G|G|A|C|G|G
WB1128,Hap1,C|C|T|A|C|A|C|A|C|G|C|T|T|T|C|A|C|T|G|+|-|C|G|G|T|G|A|C|T|T|C|T|A|C|A|T|A|G|G|T|A|C|A|T|C|C|T|G|G|T|T|C|-|A|G|C|C|A|C|-|C|A|C|G|G|A|C|G|G
WB1129,Hap17,C|C|T|A|C|A|C|A|C|G|C|T|T|T|C|A|C|T|G|+|-|C|G|G|T|G|A|C|G|T|C|T|A|C|A|T|A|G|G|T|A|C|A|T|C|C|T|G|G|T|T|C|-|A|G|C|C|A|C|-|C|A|C|G|G|A|C|G|A
WB1130,Hap17,C|C|T|A|C|A|C|A|C|G|C|T|T|T|C|A|C|T|G|+|-|C|G|G|T|G|A|C|G|T|C|T|A|C|A|T|A|G|G|T|A|C|A|T|C|C|T|G|G|T|T|C|-|A|G|C|C|A|C|-|C|A|C|G|G|A|C|G|A
WB1131,Hap27,C|C|T|A|C|A|C|A|C|G|C|T|T|C|+|A|C|T|C|T|T|C|G|G|T|G|A|C|G|C|-|G|A|T|G|C|G|G|T|T|G|C|A|A|C|C|C|G|G|T|A|C|A|A|T|C|G|A|C|T|+|A|C|-|G|G|C|G|G
WB1132,Hap20,C|C|T|A|C|A|C|A|C|A|C|T|C|T|+|A|T|T|C|T|T|C|G|G|-|G|A|C|G|T|-|G|A|T|G|C|G|G|G|T|G|C|A|T|C|C|C|G|A|T|A|+|A|A|T|C|G|A|C|T|+|A|C|G|G|G|C|G|G
WB1133,Hap17,C|C|T|A|C|A|C|A|C|G|C|T|T|T|C|A|C|T|G|+|-|C|G|G|T|G|A|C|G|T|C|T|A|C|A|T|A|G|G|T|A|C|A|T|C|C|T|G|G|T|T|C|-|A|G|C|C|A|C|-|C|A|C|G|G|A|C|G|A
WB1135,Hap20,C|C|T|A|C|A|C|A|C|A|C|T|C|T|+|A|T|T|C|T|T|C|G|G|-|G|A|C|G|T|-|G|A|T|G|C|G|G|G|T|G|C|A|T|C|C|C|G|A|T|A|+|A|A|T|C|G|A|C|T|+|A|C|G|G|G|C|G|G
WB1136,Hap1,C|C|T|A|C|A|C|A|C|G|C|T|T|T|C|A|C|T|G|+|-|C|G|G|T|G|A|C|T|T|C|T|A|C|A|T|A|G|G|T|A|C|A|T|C|C|T|G|G|T|T|C|-|A|G|C|C|A|C|-|C|A|C|G|G|A|C|G|G
WB1138,Hap36,C|C|T|A|C|A|C|A|C|G|T|T|T|T|C|G|C|T|C|T|T|C|C|G|T|G|A|C|G|T|-|G|A|T|G|C|G|G|G|G|G|C|A|T|C|C|C|G|G|T|A|+|A|A|T|C|G|A|C|T|+|A|C|G|G|G|C|G|G
WB1139,Hap20,C|C|T|A|C|A|C|A|C|A|C|T|C|T|+|A|T|T|C|T|T|C|G|G|-|G|A|C|G|T|-|G|A|T|G|C|G|G|G|T|G|C|A|T|C|C|C|G|A|T|A|+|A|A|T|C|G|A|C|T|+|A|C|G|G|G|C|G|G
WB1141,Hap2,C|C|T|A|C|A|C|A|C|G|C|T|T|C|+|A|C|T|C|T|T|C|G|G|T|G|A|C|G|T|C|T|A|C|A|T|G|G|G|T|G|C|G|T|T|C|C|G|G|T|T|C|A|G|G|T|C|A|C|T|C|A|C|G|G|G|C|G|G
WB1142,Hap21,C|C|T|A|C|A|C|A|C|G|C|T|T|T|C|A|C|T|G|+|-|C|G|G|T|G|A|C|G|T|C|T|A|C|A|T|G|G|G|T|A|C|A|T|C|C|T|G|G|T|T|C|-|A|G|C|C|A|C|-|C|A|C|-|G|A|C|G|G
WB1143,Hap21,C|C|T|A|C|A|C|A|C|G|C|T|T|T|C|A|C|T|G|+|-|C|G|G|T|G|A|C|G|T|C|T|A|C|A|T|G|G|G|T|A|C|A|T|C|C|T|G|G|T|T|C|-|A|G|C|C|A|C|-|C|A|C|-|G|A|C|G|G
