SampleID,Hap_Name,Haplotype_Seq,Phenotype_1,WT_TPM,SA_TPM
M100A,Hap11,-|T|T|+|G|C|C|A|A|G|C|T|A|G|G|G|C|G|C|C|G|G|T|G|A|C|G|A|C|C|T|C|G|C|A|T|G|C|A|A|A|C|A|T|G|A|C|C|A|G|G|C|A|A|G|A|G|T|G|AG,57.01431475,0.0,0.0
M101A,Hap6,-|T|+|+|G|C|C|A|A|G|C|T|A|G|G|+|C|G|C|C|G|A|T|G|A|C|G|A|C|C|T|C|G|C|A|T|G|C|A|A|A|C|A|C|G|A|C|C|A|C|A|C|A|T|+|+|+|C|G|GG,56.0619185,0.0,0.0
M102A,Hap21,A|T|T|+|G|C|+|+|+|G|G|C|A|A|G|G|C|G|C|C|G|G|T|G|A|C|G|G|C|T|T|T|G|C|A|T|G|C|A|A|A|C|A|C|G|G|C|C|A|C|A|C|A|T|+|+|+|C|G|G-,59.17303915,0.0,0.0
M103A,Hap8,-|T|T|+|G|C|C|A|A|G|C|T|A|G|G|G|C|G|C|C|G|G|T|G|A|C|G|A|C|C|T|C|G|C|A|T|G|C|A|A|A|C|A|C|G|A|C|C|A|C|A|C|C|T|+|+|+|C|G|GG,72.9268924,0.0,0.0
M104A,Hap16,-|T|T|+|G|C|C|A|A|G|C|T|A|G|G|G|C|G|C|C|G|G|T|G|A|C|G|A|C|C|T|C|G|C|A|T|G|C|A|A|A|C|A|C|G|A|C|C|A|C|G|C|A|A|G|A|G|T|G|AG,62.4708667,0.0,0.0
M105A,Hap16,-|T|T|+|G|C|C|A|A|G|C|T|A|G|G|G|C|G|C|C|G|G|T|G|A|C|G|A|C|C|T|C|G|C|A|T|G|C|A|A|A|C|A|C|G|A|C|C|A|C|G|C|A|A|G|A|G|T|G|AG,54.83925565,0.0,0.0
M106A,Hap7,A|T|T|A|G|C|C|A|A|G|G|T|C|G|G|G|T|G|C|C|G|G|T|G|C|C|G|A|C|C|T|C|G|C|A|T|G|C|A|A|A|C|A|C|G|G|T|C|A|C|A|C|A|T|+|+|+|C|G|GG,61.93345515,0.0,0.0
M107A,Hap32,A|T|T|A|G|C|C|A|A|G|G|T|C|A|G|G|C|G|C|C|G|G|T|G|C|C|G|A|C|C|T|C|G|C|A|T|G|C|A|A|A|C|A|C|G|G|C|C|A|C|A|C|A|T|+|+|+|C|G|GG,63.805803,0.0,0.0
M108A,Hap4,A|T|T|A|G|C|C|A|A|G|G|T|C|A|G|G|T|G|C|C|G|G|T|G|C|C|G|A|C|C|T|C|G|C|A|T|G|C|A|A|A|C|A|C|A|G|C|C|G|C|G|C|A|A|G|A|G|T|G|AG,48.40849826,0.0,0.0
M109A,Hap1,-|T|T|+|G|-|C|A|A|G|C|T|A|G|G|G|C|G|C|T|G|G|T|G|A|C|G|A|C|C|T|C|G|C|A|T|G|C|A|A|A|C|A|C|G|A|C|C|A|C|A|C|A|T|+|+|+|C|G|GG,48.61836932,0.0,0.0
M10A,Hap1,-|T|T|+|G|-|C|A|A|G|C|T|A|G|G|G|C|G|C|T|G|G|T|G|A|C|G|A|C|C|T|C|G|C|A|T|G|C|A|A|A|C|A|C|G|A|C|C|A|C|A|C|A|T|+|+|+|C|G|GG,56.3934374,0.0,0.0
M110A,Hap6,-|T|+|+|G|C|C|A|A|G|C|T|A|G|G|+|C|G|C|C|G|A|T|G|A|C|G|A|C|C|T|C|G|C|A|T|G|C|A|A|A|C|A|C|G|A|C|C|A|C|A|C|A|T|+|+|+|C|G|GG,47.8834862,0.0,0.0
M111A,Hap24,A|T|T|+|G|C|C|A|A|G|G|T|A|A|G|G|C|G|C|T|G|G|T|G|A|C|G|A|C|C|T|C|G|C|A|T|G|C|A|A|A|C|A|C|G|G|C|C|A|C|A|C|A|T|+|+|+|C|G|GG,51.37369355,0.0,0.0
M112A,Hap1,-|T|T|+|G|-|C|A|A|G|C|T|A|G|G|G|C|G|C|T|G|G|T|G|A|C|G|A|C|C|T|C|G|C|A|T|G|C|A|A|A|C|A|C|G|A|C|C|A|C|A|C|A|T|+|+|+|C|G|GG,49.01937823,0.0,0.0
M113A,Hap1,-|T|T|+|G|-|C|A|A|G|C|T|A|G|G|G|C|G|C|T|G|G|T|G|A|C|G|A|C|C|T|C|G|C|A|T|G|C|A|A|A|C|A|C|G|A|C|C|A|C|A|C|A|T|+|+|+|C|G|GG,50.53744805,0.0,0.0
M114A,Hap1,-|T|T|+|G|-|C|A|A|G|C|T|A|G|G|G|C|G|C|T|G|G|T|G|A|C|G|A|C|C|T|C|G|C|A|T|G|C|A|A|A|C|A|C|G|A|C|C|A|C|A|C|A|T|+|+|+|C|G|GG,51.04245415,0.0,0.0
M115A,Hap2,-|T|T|+|G|C|C|A|A|G|C|T|A|G|G|G|C|G|C|C|G|G|T|G|A|C|G|A|C|C|T|C|G|C|A|T|G|C|G|A|A|C|A|C|G|G|C|C|A|C|A|C|A|T|+|+|+|C|G|GG,54.82358865,0.0,0.0
M116A,Hap6,-|T|+|+|G|C|C|A|A|G|C|T|A|G|G|+|C|G|C|C|G|A|T|G|A|C|G|A|C|C|T|C|G|C|A|T|G|C|A|A|A|C|A|C|G|A|C|C|A|C|A|C|A|T|+|+|+|C|G|GG,49.01027459,0.0,0.0
M117A,Hap33,A|T|T|+|G|C|+|+|+|G|G|C|A|A|G|G|C|G|C|C|G|G|T|G|C|C|G|G|C|T|T|T|G|C|A|T|G|C|A|A|A|C|A|C|G|G|C|C|A|C|G|C|A|A|G|A|G|C|G|G-,47.10471903,0.0,0.0
M118A,Hap2,-|T|T|+|G|C|C|A|A|G|C|T|A|G|G|G|C|G|C|C|G|G|T|G|A|C|G|A|C|C|T|C|G|C|A|T|G|C|G|A|A|C|A|C|G|G|C|C|A|C|A|C|A|T|+|+|+|C|G|GG,46.2073351,0.0,0.0
M119A,Hap6,-|T|+|+|G|C|C|A|A|G|C|T|A|G|G|+|C|G|C|C|G|A|T|G|A|C|G|A|C|C|T|C|G|C|A|T|G|C|A|A|A|C|A|C|G|A|C|C|A|C|A|C|A|T|+|+|+|C|G|GG,46.07491355,0.0,0.0
M11A,Hap42,A|T|+|+|G|C|C|A|A|G|C|T|A|G|G|+|C|G|C|C|G|A|T|G|A|C|G|A|C|C|T|C|G|C|A|T|G|C|A|A|A|C|A|C|G|A|C|C|A|C|A|C|A|T|+|+|+|C|G|GG,53.16944815,0.0,0.0
M120A,Hap2,-|T|T|+|G|C|C|A|A|G|C|T|A|G|G|G|C|G|C|C|G|G|T|G|A|C|G|A|C|C|T|C|G|C|A|T|G|C|G|A|A|C|A|C|G|G|C|C|A|C|A|C|A|T|+|+|+|C|G|GG,49.69289052,0.0,0.0
M121A,Hap1,-|T|T|+|G|-|C|A|A|G|C|T|A|G|G|G|C|G|C|T|G|G|T|G|A|C|G|A|C|C|T|C|G|C|A|T|G|C|A|A|A|C|A|C|G|A|C|C|A|C|A|C|A|T|+|+|+|C|G|GG,52.32310925,0.0,0.0
M122A,Hap1,-|T|T|+|G|-|C|A|A|G|C|T|A|G|G|G|C|G|C|T|G|G|T|G|A|C|G|A|C|C|T|C|G|C|A|T|G|C|A|A|A|C|A|C|G|A|C|C|A|C|A|C|A|T|+|+|+|C|G|GG,51.9520051,0.0,0.0
M123A,Hap2,-|T|T|+|G|C|C|A|A|G|C|T|A|G|G|G|C|G|C|C|G|G|T|G|A|C|G|A|C|C|T|C|G|C|A|T|G|C|G|A|A|C|A|C|G|G|C|C|A|C|A|C|A|T|+|+|+|C|G|GG,70.7053522,0.0,0.0
M124A,Hap1,-|T|T|+|G|-|C|A|A|G|C|T|A|G|G|G|C|G|C|T|G|G|T|G|A|C|G|A|C|C|T|C|G|C|A|T|G|C|A|A|A|C|A|C|G|A|C|C|A|C|A|C|A|T|+|+|+|C|G|GG,51.44279,0.0,0.0
M125A,Hap16,-|T|T|+|G|C|C|A|A|G|C|T|A|G|G|G|C|G|C|C|G|G|T|G|A|C|G|A|C|C|T|C|G|C|A|T|G|C|A|A|A|C|A|C|G|A|C|C|A|C|G|C|A|A|G|A|G|T|G|AG,51.34906,0.0,0.0
M126A,Hap6,-|T|+|+|G|C|C|A|A|G|C|T|A|G|G|+|C|G|C|C|G|A|T|G|A|C|G|A|C|C|T|C|G|C|A|T|G|C|A|A|A|C|A|C|G|A|C|C|A|C|A|C|A|T|+|+|+|C|G|GG,51.6099971,0.0,0.0
M127A,Hap1,-|T|T|+|G|-|C|A|A|G|C|T|A|G|G|G|C|G|C|T|G|G|T|G|A|C|G|A|C|C|T|C|G|C|A|T|G|C|A|A|A|C|A|C|G|A|C|C|A|C|A|C|A|T|+|+|+|C|G|GG,62.5745425,0.0,0.0
M128A,Hap1,-|T|T|+|G|-|C|A|A|G|C|T|A|G|G|G|C|G|C|T|G|G|T|G|A|C|G|A|C|C|T|C|G|C|A|T|G|C|A|A|A|C|A|C|G|A|C|C|A|C|A|C|A|T|+|+|+|C|G|GG,53.48649245,0.0,0.0
M129A,Hap6,-|T|+|+|G|C|C|A|A|G|C|T|A|G|G|+|C|G|C|C|G|A|T|G|A|C|G|A|C|C|T|C|G|C|A|T|G|C|A|A|A|C|A|C|G|A|C|C|A|C|A|C|A|T|+|+|+|C|G|GG,51.53742385,0.0,0.0
M12A,Hap6,-|T|+|+|G|C|C|A|A|G|C|T|A|G|G|+|C|G|C|C|G|A|T|G|A|C|G|A|C|C|T|C|G|C|A|T|G|C|A|A|A|C|A|C|G|A|C|C|A|C|A|C|A|T|+|+|+|C|G|GG,48.6160517,0.0,0.0
M130A,Hap1,-|T|T|+|G|-|C|A|A|G|C|T|A|G|G|G|C|G|C|T|G|G|T|G|A|C|G|A|C|C|T|C|G|C|A|T|G|C|A|A|A|C|A|C|G|A|C|C|A|C|A|C|A|T|+|+|+|C|G|GG,63.72522825,0.0,0.0
M131A,Hap2,-|T|T|+|G|C|C|A|A|G|C|T|A|G|G|G|C|G|C|C|G|G|T|G|A|C|G|A|C|C|T|C|G|C|A|T|G|C|G|A|A|C|A|C|G|G|C|C|A|C|A|C|A|T|+|+|+|C|G|GG,53.8676848,0.0,0.0
M132A,Hap25,-|T|T|+|G|C|C|A|A|G|G|T|A|G|G|G|C|G|C|C|G|G|T|G|A|C|G|A|C|C|T|C|G|C|A|T|G|C|G|A|A|C|A|C|G|G|C|C|A|C|A|C|A|T|+|+|+|C|G|GG,59.2289192,0.0,0.0
M133A,Hap1,-|T|T|+|G|-|C|A|A|G|C|T|A|G|G|G|C|G|C|T|G|G|T|G|A|C|G|A|C|C|T|C|G|C|A|T|G|C|A|A|A|C|A|C|G|A|C|C|A|C|A|C|A|T|+|+|+|C|G|GG,50.086025,0.0,0.0
M134A,Hap2,-|T|T|+|G|C|C|A|A|G|C|T|A|G|G|G|C|G|C|C|G|G|T|G|A|C|G|A|C|C|T|C|G|C|A|T|G|C|G|A|A|C|A|C|G|G|C|C|A|C|A|C|A|T|+|+|+|C|G|GG,59.662132,0.0,0.0
M135A,Hap12,-|T|T|+|G|-|C|A|A|G|G|T|A|G|G|G|C|G|C|T|G|G|T|G|A|C|G|A|C|C|T|C|G|C|A|T|G|C|A|A|A|C|A|C|G|A|C|C|A|C|A|C|A|T|+|+|+|C|G|GG,51.32368385,0.0,0.0
M136A,Hap2,-|T|T|+|G|C|C|A|A|G|C|T|A|G|G|G|C|G|C|C|G|G|T|G|A|C|G|A|C|C|T|C|G|C|A|T|G|C|G|A|A|C|A|C|G|G|C|C|A|C|A|C|A|T|+|+|+|C|G|GG,62.7930522,0.0,0.0
M137A,Hap2,-|T|T|+|G|C|C|A|A|G|C|T|A|G|G|G|C|G|C|C|G|G|T|G|A|C|G|A|C|C|T|C|G|C|A|T|G|C|G|A|A|C|A|C|G|G|C|C|A|C|A|C|A|T|+|+|+|C|G|GG,68.2242667,0.0,0.0
M138A,Hap1,-|T|T|+|G|-|C|A|A|G|C|T|A|G|G|G|C|G|C|T|G|G|T|G|A|C|G|A|C|C|T|C|G|C|A|T|G|C|A|A|A|C|A|C|G|A|C|C|A|C|A|C|A|T|+|+|+|C|G|GG,42.73029204,0.0,0.0
M139A,Hap1,-|T|T|+|G|-|C|A|A|G|C|T|A|G|G|G|C|G|C|T|G|G|T|G|A|C|G|A|C|C|T|C|G|C|A|T|G|C|A|A|A|C|A|C|G|A|C|C|A|C|A|C|A|T|+|+|+|C|G|GG,54.25243305,0.0,0.0
M13A,Hap6,-|T|+|+|G|C|C|A|A|G|C|T|A|G|G|+|C|G|C|C|G|A|T|G|A|C|G|A|C|C|T|C|G|C|A|T|G|C|A|A|A|C|A|C|G|A|C|C|A|C|A|C|A|T|+|+|+|C|G|GG,46.70566334,0.0,0.0
M140A,Hap1,-|T|T|+|G|-|C|A|A|G|C|T|A|G|G|G|C|G|C|T|G|G|T|G|A|C|G|A|C|C|T|C|G|C|A|T|G|C|A|A|A|C|A|C|G|A|C|C|A|C|A|C|A|T|+|+|+|C|G|GG,51.70780665,0.0,0.0
M141A,Hap1,-|T|T|+|G|-|C|A|A|G|C|T|A|G|G|G|C|G|C|T|G|G|T|G|A|C|G|A|C|C|T|C|G|C|A|T|G|C|A|A|A|C|A|C|G|A|C|C|A|C|A|C|A|T|+|+|+|C|G|GG,48.51927444,0.0,0.0
M142A,Hap23,A|T|T|+|G|C|+|+|+|G|G|C|A|A|G|G|C|G|C|C|G|G|T|G|C|C|G|G|C|T|T|T|G|C|A|T|G|C|A|A|A|C|A|C|G|G|C|C|A|C|A|C|A|T|+|+|+|C|G|G-,52.8132718,0.0,0.0
M143A,Hap5,-|T|T|+|G|C|C|A|A|G|C|T|A|G|G|G|C|G|C|C|G|G|T|G|A|C|G|A|C|C|T|C|G|C|A|T|G|C|A|A|A|C|A|C|G|A|C|C|A|C|A|C|A|T|+|+|+|C|G|GG,48.18021901,0.0,0.0
M144A,Hap3,A|C|T|+|A|C|C|A|A|G|G|C|A|A|-|G|C|G|-|C|+|G|-|-|A|C|G|G|C|C|T|C|C|T|G|+|A|G|A|G|G|C|G|C|G|G|C|T|A|C|A|C|A|T|+|+|+|C|G|GG,45.72992849,0.0,0.0
M145A,Hap4,A|T|T|A|G|C|C|A|A|G|G|T|C|A|G|G|T|G|C|C|G|G|T|G|C|C|G|A|C|C|T|C|G|C|A|T|G|C|A|A|A|C|A|C|A|G|C|C|G|C|G|C|A|A|G|A|G|T|G|AG,47.94922841,0.0,0.0
M146A,Hap4,A|T|T|A|G|C|C|A|A|G|G|T|C|A|G|G|T|G|C|C|G|G|T|G|C|C|G|A|C|C|T|C|G|C|A|T|G|C|A|A|A|C|A|C|A|G|C|C|G|C|G|C|A|A|G|A|G|T|G|AG,48.96310546,0.0,0.0
M147A,Hap7,A|T|T|A|G|C|C|A|A|G|G|T|C|G|G|G|T|G|C|C|G|G|T|G|C|C|G|A|C|C|T|C|G|C|A|T|G|C|A|A|A|C|A|C|G|G|T|C|A|C|A|C|A|T|+|+|+|C|G|GG,47.64950756,0.0,0.0
M148A,Hap5,-|T|T|+|G|C|C|A|A|G|C|T|A|G|G|G|C|G|C|C|G|G|T|G|A|C|G|A|C|C|T|C|G|C|A|T|G|C|A|A|A|C|A|C|G|A|C|C|A|C|A|C|A|T|+|+|+|C|G|GG,55.5493329,0.0,0.0
M149A,Hap16,-|T|T|+|G|C|C|A|A|G|C|T|A|G|G|G|C|G|C|C|G|G|T|G|A|C|G|A|C|C|T|C|G|C|A|T|G|C|A|A|A|C|A|C|G|A|C|C|A|C|G|C|A|A|G|A|G|T|G|AG,55.9583414,0.0,0.0
M14A,Hap1,-|T|T|+|G|-|C|A|A|G|C|T|A|G|G|G|C|G|C|T|G|G|T|G|A|C|G|A|C|C|T|C|G|C|A|T|G|C|A|A|A|C|A|C|G|A|C|C|A|C|A|C|A|T|+|+|+|C|G|GG,56.0379675,0.0,0.0
M150A,Hap5,-|T|T|+|G|C|C|A|A|G|C|T|A|G|G|G|C|G|C|C|G|G|T|G|A|C|G|A|C|C|T|C|G|C|A|T|G|C|A|A|A|C|A|C|G|A|C|C|A|C|A|C|A|T|+|+|+|C|G|GG,55.2159804,0.0,0.0
M151A,Hap5,-|T|T|+|G|C|C|A|A|G|C|T|A|G|G|G|C|G|C|C|G|G|T|G|A|C|G|A|C|C|T|C|G|C|A|T|G|C|A|A|A|C|A|C|G|A|C|C|A|C|A|C|A|T|+|+|+|C|G|GG,48.50489325,0.0,0.0
M152A,Hap3,A|C|T|+|A|C|C|A|A|G|G|C|A|A|-|G|C|G|-|C|+|G|-|-|A|C|G|G|C|C|T|C|C|T|G|+|A|G|A|G|G|C|G|C|G|G|C|T|A|C|A|C|A|T|+|+|+|C|G|GG,47.50311688,0.0,0.0
M153A,Hap14,-|T|T|+|G|C|C|A|A|G|C|T|A|G|G|G|C|G|C|C|G|G|T|G|A|C|G|A|C|C|T|C|G|C|A|T|G|C|A|A|A|C|A|C|G|G|C|C|A|C|A|C|A|T|+|+|+|C|G|GG,43.57796283,0.0,0.0
M154A,Hap11,-|T|T|+|G|C|C|A|A|G|C|T|A|G|G|G|C|G|C|C|G|G|T|G|A|C|G|A|C|C|T|C|G|C|A|T|G|C|A|A|A|C|A|T|G|A|C|C|A|G|G|C|A|A|G|A|G|T|G|AG,50.79962275,0.0270988,0.0
M155A,Hap5,-|T|T|+|G|C|C|A|A|G|C|T|A|G|G|G|C|G|C|C|G|G|T|G|A|C|G|A|C|C|T|C|G|C|A|T|G|C|A|A|A|C|A|C|G|A|C|C|A|C|A|C|A|T|+|+|+|C|G|GG,57.2645439,0.0,0.0
M156A,Hap5,-|T|T|+|G|C|C|A|A|G|C|T|A|G|G|G|C|G|C|C|G|G|T|G|A|C|G|A|C|C|T|C|G|C|A|T|G|C|A|A|A|C|A|C|G|A|C|C|A|C|A|C|A|T|+|+|+|C|G|GG,61.16390425,0.0,0.0
M157A,Hap5,-|T|T|+|G|C|C|A|A|G|C|T|A|G|G|G|C|G|C|C|G|G|T|G|A|C|G|A|C|C|T|C|G|C|A|T|G|C|A|A|A|C|A|C|G|A|C|C|A|C|A|C|A|T|+|+|+|C|G|GG,40.25959551,0.0,0.0
M158A,Hap5,-|T|T|+|G|C|C|A|A|G|C|T|A|G|G|G|C|G|C|C|G|G|T|G|A|C|G|A|C|C|T|C|G|C|A|T|G|C|A|A|A|C|A|C|G|A|C|C|A|C|A|C|A|T|+|+|+|C|G|GG,46.74602558,0.0,0.0
M159A,Hap14,-|T|T|+|G|C|C|A|A|G|C|T|A|G|G|G|C|G|C|C|G|G|T|G|A|C|G|A|C|C|T|C|G|C|A|T|G|C|A|A|A|C|A|C|G|G|C|C|A|C|A|C|A|T|+|+|+|C|G|GG,56.72584305,0.0,0.0
M15A,Hap15,-|T|T|+|G|C|C|A|A|G|C|T|A|G|G|G|C|G|C|T|G|G|T|G|A|C|G|A|C|C|T|C|G|C|A|T|G|C|A|A|A|C|A|C|G|A|C|C|A|C|A|C|A|T|+|+|+|C|G|GG,51.3623437,0.0,0.0
M160A,Hap8,-|T|T|+|G|C|C|A|A|G|C|T|A|G|G|G|C|G|C|C|G|G|T|G|A|C|G|A|C|C|T|C|G|C|A|T|G|C|A|A|A|C|A|C|G|A|C|C|A|C|A|C|C|T|+|+|+|C|G|GG,58.5531931,0.0,0.0
M161A,Hap5,-|T|T|+|G|C|C|A|A|G|C|T|A|G|G|G|C|G|C|C|G|G|T|G|A|C|G|A|C|C|T|C|G|C|A|T|G|C|A|A|A|C|A|C|G|A|C|C|A|C|A|C|A|T|+|+|+|C|G|GG,50.05978615,0.0,0.0391427
M162A,Hap20,A|T|T|+|G|C|+|A|A|G|G|C|A|A|G|G|C|G|C|C|+|A|-|G|A|C|G|G|C|T|T|C|G|C|A|T|G|C|A|A|A|C|A|C|G|G|C|C|A|C|G|C|A|A|G|A|G|T|G|AG,43.29811346,0.0,0.0
M163A,Hap40,A|T|T|+|G|C|C|A|A|G|G|T|A|A|G|G|C|G|C|C|G|G|T|G|A|C|G|A|C|C|T|C|G|C|A|T|G|C|A|A|A|C|A|C|G|G|C|C|A|C|G|C|A|A|G|A|G|T|G|AG,46.65427876,0.0,0.0
M164A,Hap10,-|T|T|+|G|C|C|A|A|G|C|T|A|G|G|G|C|G|C|C|G|G|T|G|A|T|G|A|C|C|T|C|G|C|A|T|G|C|A|A|A|C|A|C|G|A|C|C|A|C|A|C|A|T|+|+|+|C|G|GG,54.0670242,0.0,0.0
M165A,Hap7,A|T|T|A|G|C|C|A|A|G|G|T|C|G|G|G|T|G|C|C|G|G|T|G|C|C|G|A|C|C|T|C|G|C|A|T|G|C|A|A|A|C|A|C|G|G|T|C|A|C|A|C|A|T|+|+|+|C|G|GG,42.82513365,0.0,0.0
M166A,Hap1,-|T|T|+|G|-|C|A|A|G|C|T|A|G|G|G|C|G|C|T|G|G|T|G|A|C|G|A|C|C|T|C|G|C|A|T|G|C|A|A|A|C|A|C|G|A|C|C|A|C|A|C|A|T|+|+|+|C|G|GG,47.07823744,0.0,0.0
M167A,Hap8,-|T|T|+|G|C|C|A|A|G|C|T|A|G|G|G|C|G|C|C|G|G|T|G|A|C|G|A|C|C|T|C|G|C|A|T|G|C|A|A|A|C|A|C|G|A|C|C|A|C|A|C|C|T|+|+|+|C|G|GG,60.2207744,0.0,0.0
M168A,Hap10,-|T|T|+|G|C|C|A|A|G|C|T|A|G|G|G|C|G|C|C|G|G|T|G|A|T|G|A|C|C|T|C|G|C|A|T|G|C|A|A|A|C|A|C|G|A|C|C|A|C|A|C|A|T|+|+|+|C|G|GG,56.19924605,0.0,0.0
M169A,Hap1,-|T|T|+|G|-|C|A|A|G|C|T|A|G|G|G|C|G|C|T|G|G|T|G|A|C|G|A|C|C|T|C|G|C|A|T|G|C|A|A|A|C|A|C|G|A|C|C|A|C|A|C|A|T|+|+|+|C|G|GG,51.6088518,0.0,0.0
M16A,Hap2,-|T|T|+|G|C|C|A|A|G|C|T|A|G|G|G|C|G|C|C|G|G|T|G|A|C|G|A|C|C|T|C|G|C|A|T|G|C|G|A|A|C|A|C|G|G|C|C|A|C|A|C|A|T|+|+|+|C|G|GG,54.55785635,0.0,0.0
M170A,Hap1,-|T|T|+|G|-|C|A|A|G|C|T|A|G|G|G|C|G|C|T|G|G|T|G|A|C|G|A|C|C|T|C|G|C|A|T|G|C|A|A|A|C|A|C|G|A|C|C|A|C|A|C|A|T|+|+|+|C|G|GG,52.9161157,0.0,0.0
M171A,Hap1,-|T|T|+|G|-|C|A|A|G|C|T|A|G|G|G|C|G|C|T|G|G|T|G|A|C|G|A|C|C|T|C|G|C|A|T|G|C|A|A|A|C|A|C|G|A|C|C|A|C|A|C|A|T|+|+|+|C|G|GG,50.12235455,0.0,0.0
M172A,Hap1,-|T|T|+|G|-|C|A|A|G|C|T|A|G|G|G|C|G|C|T|G|G|T|G|A|C|G|A|C|C|T|C|G|C|A|T|G|C|A|A|A|C|A|C|G|A|C|C|A|C|A|C|A|T|+|+|+|C|G|GG,52.120141,0.0,0.0
M173A,Hap41,A|T|T|A|G|C|C|A|A|G|G|T|C|A|G|G|T|G|C|C|G|G|T|G|C|C|G|A|C|C|T|C|G|C|A|T|G|C|A|A|G|C|G|C|A|G|C|C|G|C|G|C|A|A|G|A|G|T|G|G,53.2169344,0.0,0.0
M174A,Hap1,-|T|T|+|G|-|C|A|A|G|C|T|A|G|G|G|C|G|C|T|G|G|T|G|A|C|G|A|C|C|T|C|G|C|A|T|G|C|A|A|A|C|A|C|G|A|C|C|A|C|A|C|A|T|+|+|+|C|G|GG,49.09692908,0.0,0.0
M175A,Hap1,-|T|T|+|G|-|C|A|A|G|C|T|A|G|G|G|C|G|C|T|G|G|T|G|A|C|G|A|C|C|T|C|G|C|A|T|G|C|A|A|A|C|A|C|G|A|C|C|A|C|A|C|A|T|+|+|+|C|G|GG,43.92749762,0.0,0.0
M176A,Hap1,-|T|T|+|G|-|C|A|A|G|C|T|A|G|G|G|C|G|C|T|G|G|T|G|A|C|G|A|C|C|T|C|G|C|A|T|G|C|A|A|A|C|A|C|G|A|C|C|A|C|A|C|A|T|+|+|+|C|G|GG,45.38462452,0.0,0.0
M177A,Hap1,-|T|T|+|G|-|C|A|A|G|C|T|A|G|G|G|C|G|C|T|G|G|T|G|A|C|G|A|C|C|T|C|G|C|A|T|G|C|A|A|A|C|A|C|G|A|C|C|A|C|A|C|A|T|+|+|+|C|G|GG,44.18173771,0.0,0.0
M178A,Hap8,-|T|T|+|G|C|C|A|A|G|C|T|A|G|G|G|C|G|C|C|G|G|T|G|A|C|G|A|C|C|T|C|G|C|A|T|G|C|A|A|A|C|A|C|G|A|C|C|A|C|A|C|C|T|+|+|+|C|G|GG,46.01446072,0.0,0.0
M179A,Hap1,-|T|T|+|G|-|C|A|A|G|C|T|A|G|G|G|C|G|C|T|G|G|T|G|A|C|G|A|C|C|T|C|G|C|A|T|G|C|A|A|A|C|A|C|G|A|C|C|A|C|A|C|A|T|+|+|+|C|G|GG,41.76655787,0.0,0.0
M17A,Hap1,-|T|T|+|G|-|C|A|A|G|C|T|A|G|G|G|C|G|C|T|G|G|T|G|A|C|G|A|C|C|T|C|G|C|A|T|G|C|A|A|A|C|A|C|G|A|C|C|A|C|A|C|A|T|+|+|+|C|G|GG,48.91052289,0.0,0.0
M180A,Hap5,-|T|T|+|G|C|C|A|A|G|C|T|A|G|G|G|C|G|C|C|G|G|T|G|A|C|G|A|C|C|T|C|G|C|A|T|G|C|A|A|A|C|A|C|G|A|C|C|A|C|A|C|A|T|+|+|+|C|G|GG,56.85291345,0.0,0.0
M181A,Hap11,-|T|T|+|G|C|C|A|A|G|C|T|A|G|G|G|C|G|C|C|G|G|T|G|A|C|G|A|C|C|T|C|G|C|A|T|G|C|A|A|A|C|A|T|G|A|C|C|A|G|G|C|A|A|G|A|G|T|G|AG,50.0772133,0.0,0.0
M182A,Hap22,A|T|T|+|G|C|C|A|A|G|G|T|A|A|G|G|C|G|C|C|G|G|T|G|A|C|G|A|C|C|T|C|G|C|A|T|G|C|A|A|A|C|A|C|G|G|C|C|A|C|A|C|A|T|+|+|+|C|G|GG,52.76886405,0.0,0.0
M183A,Hap1,-|T|T|+|G|-|C|A|A|G|C|T|A|G|G|G|C|G|C|T|G|G|T|G|A|C|G|A|C|C|T|C|G|C|A|T|G|C|A|A|A|C|A|C|G|A|C|C|A|C|A|C|A|T|+|+|+|C|G|GG,45.07142775,0.0,0.0
M184A,Hap3,A|C|T|+|A|C|C|A|A|G|G|C|A|A|-|G|C|G|-|C|+|G|-|-|A|C|G|G|C|C|T|C|C|T|G|+|A|G|A|G|G|C|G|C|G|G|C|T|A|C|A|C|A|T|+|+|+|C|G|GG,43.35995724,0.0,0.0
M185A,Hap1,-|T|T|+|G|-|C|A|A|G|C|T|A|G|G|G|C|G|C|T|G|G|T|G|A|C|G|A|C|C|T|C|G|C|A|T|G|C|A|A|A|C|A|C|G|A|C|C|A|C|A|C|A|T|+|+|+|C|G|GG,58.6528373,0.0,0.0
M186A,Hap8,-|T|T|+|G|C|C|A|A|G|C|T|A|G|G|G|C|G|C|C|G|G|T|G|A|C|G|A|C|C|T|C|G|C|A|T|G|C|A|A|A|C|A|C|G|A|C|C|A|C|A|C|C|T|+|+|+|C|G|GG,56.5670177,0.0,0.0
M187A,Hap1,-|T|T|+|G|-|C|A|A|G|C|T|A|G|G|G|C|G|C|T|G|G|T|G|A|C|G|A|C|C|T|C|G|C|A|T|G|C|A|A|A|C|A|C|G|A|C|C|A|C|A|C|A|T|+|+|+|C|G|GG,60.5054083,0.0,0.0
M188A,Hap38,A|T|T|+|G|C|C|A|A|G|G|C|A|A|-|G|C|G|C|C|+|G|-|G|A|C|G|A|C|C|T|C|G|C|A|T|G|C|A|A|A|C|A|C|G|G|C|C|A|C|G|C|A|A|G|A|G|T|G|AG,54.4648165,0.0,0.0
M189A,Hap39,-|T|T|+|G|C|C|A|A|G|C|T|A|G|G|G|C|G|C|C|G|G|T|G|A|C|G|A|C|C|T|C|G|C|A|T|G|C|G|A|A|C|A|C|G|G|C|C|A|C|G|C|A|A|G|A|G|T|G|AG,47.45688645,0.0,0.0
M18A,Hap2,-|T|T|+|G|C|C|A|A|G|C|T|A|G|G|G|C|G|C|C|G|G|T|G|A|C|G|A|C|C|T|C|G|C|A|T|G|C|G|A|A|C|A|C|G|G|C|C|A|C|A|C|A|T|+|+|+|C|G|GG,47.99849491,0.0,0.0
M190A,Hap3,A|C|T|+|A|C|C|A|A|G|G|C|A|A|-|G|C|G|-|C|+|G|-|-|A|C|G|G|C|C|T|C|C|T|G|+|A|G|A|G|G|C|G|C|G|G|C|T|A|C|A|C|A|T|+|+|+|C|G|GG,42.43250386,0.0,0.0
M191A,Hap3,A|C|T|+|A|C|C|A|A|G|G|C|A|A|-|G|C|G|-|C|+|G|-|-|A|C|G|G|C|C|T|C|C|T|G|+|A|G|A|G|G|C|G|C|G|G|C|T|A|C|A|C|A|T|+|+|+|C|G|GG,39.88422025,0.0,0.0
M192A,Hap4,A|T|T|A|G|C|C|A|A|G|G|T|C|A|G|G|T|G|C|C|G|G|T|G|C|C|G|A|C|C|T|C|G|C|A|T|G|C|A|A|A|C|A|C|A|G|C|C|G|C|G|C|A|A|G|A|G|T|G|AG,41.18543665,0.0,0.0
M193A,Hap5,-|T|T|+|G|C|C|A|A|G|C|T|A|G|G|G|C|G|C|C|G|G|T|G|A|C|G|A|C|C|T|C|G|C|A|T|G|C|A|A|A|C|A|C|G|A|C|C|A|C|A|C|A|T|+|+|+|C|G|GG,46.41896796,0.0,0.0
M194A,Hap1,-|T|T|+|G|-|C|A|A|G|C|T|A|G|G|G|C|G|C|T|G|G|T|G|A|C|G|A|C|C|T|C|G|C|A|T|G|C|A|A|A|C|A|C|G|A|C|C|A|C|A|C|A|T|+|+|+|C|G|GG,38.46199868,0.0,0.0
M195A,Hap1,-|T|T|+|G|-|C|A|A|G|C|T|A|G|G|G|C|G|C|T|G|G|T|G|A|C|G|A|C|C|T|C|G|C|A|T|G|C|A|A|A|C|A|C|G|A|C|C|A|C|A|C|A|T|+|+|+|C|G|GG,57.72271495,0.0,0.0
M196A,Hap1,-|T|T|+|G|-|C|A|A|G|C|T|A|G|G|G|C|G|C|T|G|G|T|G|A|C|G|A|C|C|T|C|G|C|A|T|G|C|A|A|A|C|A|C|G|A|C|C|A|C|A|C|A|T|+|+|+|C|G|GG,41.27548679,0.0,0.0
M197A,Hap3,A|C|T|+|A|C|C|A|A|G|G|C|A|A|-|G|C|G|-|C|+|G|-|-|A|C|G|G|C|C|T|C|C|T|G|+|A|G|A|G|G|C|G|C|G|G|C|T|A|C|A|C|A|T|+|+|+|C|G|GG,50.6865444,0.0,0.0
M198A,Hap1,-|T|T|+|G|-|C|A|A|G|C|T|A|G|G|G|C|G|C|T|G|G|T|G|A|C|G|A|C|C|T|C|G|C|A|T|G|C|A|A|A|C|A|C|G|A|C|C|A|C|A|C|A|T|+|+|+|C|G|GG,64.47443305,0.0,0.0
M199A,Hap1,-|T|T|+|G|-|C|A|A|G|C|T|A|G|G|G|C|G|C|T|G|G|T|G|A|C|G|A|C|C|T|C|G|C|A|T|G|C|A|A|A|C|A|C|G|A|C|C|A|C|A|C|A|T|+|+|+|C|G|GG,50.63578675,0.0,0.0
M19A,Hap6,-|T|+|+|G|C|C|A|A|G|C|T|A|G|G|+|C|G|C|C|G|A|T|G|A|C|G|A|C|C|T|C|G|C|A|T|G|C|A|A|A|C|A|C|G|A|C|C|A|C|A|C|A|T|+|+|+|C|G|GG,53.6640146,0.0,0.0
M1A,Hap1,-|T|T|+|G|-|C|A|A|G|C|T|A|G|G|G|C|G|C|T|G|G|T|G|A|C|G|A|C|C|T|C|G|C|A|T|G|C|A|A|A|C|A|C|G|A|C|C|A|C|A|C|A|T|+|+|+|C|G|GG,68.3320237,0.0,0.0
M200A,Hap3,A|C|T|+|A|C|C|A|A|G|G|C|A|A|-|G|C|G|-|C|+|G|-|-|A|C|G|G|C|C|T|C|C|T|G|+|A|G|A|G|G|C|G|C|G|G|C|T|A|C|A|C|A|T|+|+|+|C|G|GG,56.3282795,0.0,0.0
M201A,Hap1,-|T|T|+|G|-|C|A|A|G|C|T|A|G|G|G|C|G|C|T|G|G|T|G|A|C|G|A|C|C|T|C|G|C|A|T|G|C|A|A|A|C|A|C|G|A|C|C|A|C|A|C|A|T|+|+|+|C|G|GG,60.97707855,0.0,0.0
M202A,Hap3,A|C|T|+|A|C|C|A|A|G|G|C|A|A|-|G|C|G|-|C|+|G|-|-|A|C|G|G|C|C|T|C|C|T|G|+|A|G|A|G|G|C|G|C|G|G|C|T|A|C|A|C|A|T|+|+|+|C|G|GG,50.198147,0.0,0.0
M203A,Hap3,A|C|T|+|A|C|C|A|A|G|G|C|A|A|-|G|C|G|-|C|+|G|-|-|A|C|G|G|C|C|T|C|C|T|G|+|A|G|A|G|G|C|G|C|G|G|C|T|A|C|A|C|A|T|+|+|+|C|G|GG,54.8040902,0.0,0.0
M204A,Hap1,-|T|T|+|G|-|C|A|A|G|C|T|A|G|G|G|C|G|C|T|G|G|T|G|A|C|G|A|C|C|T|C|G|C|A|T|G|C|A|A|A|C|A|C|G|A|C|C|A|C|A|C|A|T|+|+|+|C|G|GG,53.40770315,0.0,0.0
M205A,Hap1,-|T|T|+|G|-|C|A|A|G|C|T|A|G|G|G|C|G|C|T|G|G|T|G|A|C|G|A|C|C|T|C|G|C|A|T|G|C|A|A|A|C|A|C|G|A|C|C|A|C|A|C|A|T|+|+|+|C|G|GG,53.47890235,0.0,0.0
M206A,Hap1,-|T|T|+|G|-|C|A|A|G|C|T|A|G|G|G|C|G|C|T|G|G|T|G|A|C|G|A|C|C|T|C|G|C|A|T|G|C|A|A|A|C|A|C|G|A|C|C|A|C|A|C|A|T|+|+|+|C|G|GG,57.1102056,0.0,0.0
M207A,Hap3,A|C|T|+|A|C|C|A|A|G|G|C|A|A|-|G|C|G|-|C|+|G|-|-|A|C|G|G|C|C|T|C|C|T|G|+|A|G|A|G|G|C|G|C|G|G|C|T|A|C|A|C|A|T|+|+|+|C|G|GG,49.51001872,0.0,0.0
M208A,Hap3,A|C|T|+|A|C|C|A|A|G|G|C|A|A|-|G|C|G|-|C|+|G|-|-|A|C|G|G|C|C|T|C|C|T|G|+|A|G|A|G|G|C|G|C|G|G|C|T|A|C|A|C|A|T|+|+|+|C|G|GG,46.95965438,0.0,0.032602
M209A,Hap3,A|C|T|+|A|C|C|A|A|G|G|C|A|A|-|G|C|G|-|C|+|G|-|-|A|C|G|G|C|C|T|C|C|T|G|+|A|G|A|G|G|C|G|C|G|G|C|T|A|C|A|C|A|T|+|+|+|C|G|GG,46.9532113,0.0,0.0
M20A,Hap6,-|T|+|+|G|C|C|A|A|G|C|T|A|G|G|+|C|G|C|C|G|A|T|G|A|C|G|A|C|C|T|C|G|C|A|T|G|C|A|A|A|C|A|C|G|A|C|C|A|C|A|C|A|T|+|+|+|C|G|GG,55.75835695,0.0,0.0
M210A,Hap3,A|C|T|+|A|C|C|A|A|G|G|C|A|A|-|G|C|G|-|C|+|G|-|-|A|C|G|G|C|C|T|C|C|T|G|+|A|G|A|G|G|C|G|C|G|G|C|T|A|C|A|C|A|T|+|+|+|C|G|GG,44.552394,0.0,0.0
M211A,Hap1,-|T|T|+|G|-|C|A|A|G|C|T|A|G|G|G|C|G|C|T|G|G|T|G|A|C|G|A|C|C|T|C|G|C|A|T|G|C|A|A|A|C|A|C|G|A|C|C|A|C|A|C|A|T|+|+|+|C|G|GG,45.12514465,0.0,0.0
M212A,Hap1,-|T|T|+|G|-|C|A|A|G|C|T|A|G|G|G|C|G|C|T|G|G|T|G|A|C|G|A|C|C|T|C|G|C|A|T|G|C|A|A|A|C|A|C|G|A|C|C|A|C|A|C|A|T|+|+|+|C|G|GG,47.27786487,0.0,0.0
M213A,Hap1,-|T|T|+|G|-|C|A|A|G|C|T|A|G|G|G|C|G|C|T|G|G|T|G|A|C|G|A|C|C|T|C|G|C|A|T|G|C|A|A|A|C|A|C|G|A|C|C|A|C|A|C|A|T|+|+|+|C|G|GG,52.1115355,0.0,0.0
M214A,Hap1,-|T|T|+|G|-|C|A|A|G|C|T|A|G|G|G|C|G|C|T|G|G|T|G|A|C|G|A|C|C|T|C|G|C|A|T|G|C|A|A|A|C|A|C|G|A|C|C|A|C|A|C|A|T|+|+|+|C|G|GG,46.17527681,0.0242057,0.0
M215A,Hap5,-|T|T|+|G|C|C|A|A|G|C|T|A|G|G|G|C|G|C|C|G|G|T|G|A|C|G|A|C|C|T|C|G|C|A|T|G|C|A|A|A|C|A|C|G|A|C|C|A|C|A|C|A|T|+|+|+|C|G|GG,50.9200217,0.0,0.0
M216A,Hap4,A|T|T|A|G|C|C|A|A|G|G|T|C|A|G|G|T|G|C|C|G|G|T|G|C|C|G|A|C|C|T|C|G|C|A|T|G|C|A|A|A|C|A|C|A|G|C|C|G|C|G|C|A|A|G|A|G|T|G|AG,43.92923947,0.0,0.0
M217A,Hap3,A|C|T|+|A|C|C|A|A|G|G|C|A|A|-|G|C|G|-|C|+|G|-|-|A|C|G|G|C|C|T|C|C|T|G|+|A|G|A|G|G|C|G|C|G|G|C|T|A|C|A|C|A|T|+|+|+|C|G|GG,48.75753633,0.0,0.0
M218A,Hap3,A|C|T|+|A|C|C|A|A|G|G|C|A|A|-|G|C|G|-|C|+|G|-|-|A|C|G|G|C|C|T|C|C|T|G|+|A|G|A|G|G|C|G|C|G|G|C|T|A|C|A|C|A|T|+|+|+|C|G|GG,46.28729658,0.0,0.0
M219A,Hap3,A|C|T|+|A|C|C|A|A|G|G|C|A|A|-|G|C|G|-|C|+|G|-|-|A|C|G|G|C|C|T|C|C|T|G|+|A|G|A|G|G|C|G|C|G|G|C|T|A|C|A|C|A|T|+|+|+|C|G|GG,54.40033445,0.0,0.0
M21A,Hap1,-|T|T|+|G|-|C|A|A|G|C|T|A|G|G|G|C|G|C|T|G|G|T|G|A|C|G|A|C|C|T|C|G|C|A|T|G|C|A|A|A|C|A|C|G|A|C|C|A|C|A|C|A|T|+|+|+|C|G|GG,60.68262725,0.0,0.0
M220A,Hap7,A|T|T|A|G|C|C|A|A|G|G|T|C|G|G|G|T|G|C|C|G|G|T|G|C|C|G|A|C|C|T|C|G|C|A|T|G|C|A|A|A|C|A|C|G|G|T|C|A|C|A|C|A|T|+|+|+|C|G|GG,51.7589365,0.0,0.0
M221A,Hap1,-|T|T|+|G|-|C|A|A|G|C|T|A|G|G|G|C|G|C|T|G|G|T|G|A|C|G|A|C|C|T|C|G|C|A|T|G|C|A|A|A|C|A|C|G|A|C|C|A|C|A|C|A|T|+|+|+|C|G|GG,65.00140525,0.0,0.0
M222A,Hap1,-|T|T|+|G|-|C|A|A|G|C|T|A|G|G|G|C|G|C|T|G|G|T|G|A|C|G|A|C|C|T|C|G|C|A|T|G|C|A|A|A|C|A|C|G|A|C|C|A|C|A|C|A|T|+|+|+|C|G|GG,58.8408391,0.0,0.0
M223A,Hap1,-|T|T|+|G|-|C|A|A|G|C|T|A|G|G|G|C|G|C|T|G|G|T|G|A|C|G|A|C|C|T|C|G|C|A|T|G|C|A|A|A|C|A|C|G|A|C|C|A|C|A|C|A|T|+|+|+|C|G|GG,63.9535332,0.0,0.0
M224A,Hap1,-|T|T|+|G|-|C|A|A|G|C|T|A|G|G|G|C|G|C|T|G|G|T|G|A|C|G|A|C|C|T|C|G|C|A|T|G|C|A|A|A|C|A|C|G|A|C|C|A|C|A|C|A|T|+|+|+|C|G|GG,60.91445575,0.0,0.0
M225A,Hap6,-|T|+|+|G|C|C|A|A|G|C|T|A|G|G|+|C|G|C|C|G|A|T|G|A|C|G|A|C|C|T|C|G|C|A|T|G|C|A|A|A|C|A|C|G|A|C|C|A|C|A|C|A|T|+|+|+|C|G|GG,54.0932748,0.0,0.0
M226A,Hap1,-|T|T|+|G|-|C|A|A|G|C|T|A|G|G|G|C|G|C|T|G|G|T|G|A|C|G|A|C|C|T|C|G|C|A|T|G|C|A|A|A|C|A|C|G|A|C|C|A|C|A|C|A|T|+|+|+|C|G|GG,62.5861496,0.0,0.0
M227A,Hap1,-|T|T|+|G|-|C|A|A|G|C|T|A|G|G|G|C|G|C|T|G|G|T|G|A|C|G|A|C|C|T|C|G|C|A|T|G|C|A|A|A|C|A|C|G|A|C|C|A|C|A|C|A|T|+|+|+|C|G|GG,61.02843905,0.0,0.0
M228A,Hap19,A|T|T|+|A|C|C|A|A|G|G|C|A|A|-|G|C|G|-|C|+|G|-|-|A|C|G|G|C|C|T|C|C|T|G|+|A|G|A|G|G|C|G|C|G|G|C|T|A|C|A|C|A|T|+|+|+|C|G|GG,62.93965355,0.0,0.0
M229A,Hap1,-|T|T|+|G|-|C|A|A|G|C|T|A|G|G|G|C|G|C|T|G|G|T|G|A|C|G|A|C|C|T|C|G|C|A|T|G|C|A|A|A|C|A|C|G|A|C|C|A|C|A|C|A|T|+|+|+|C|G|GG,68.8469088,0.0,0.0
M22A,Hap1,-|T|T|+|G|-|C|A|A|G|C|T|A|G|G|G|C|G|C|T|G|G|T|G|A|C|G|A|C|C|T|C|G|C|A|T|G|C|A|A|A|C|A|C|G|A|C|C|A|C|A|C|A|T|+|+|+|C|G|GG,55.10357005,0.0,0.0
M230A,Hap1,-|T|T|+|G|-|C|A|A|G|C|T|A|G|G|G|C|G|C|T|G|G|T|G|A|C|G|A|C|C|T|C|G|C|A|T|G|C|A|A|A|C|A|C|G|A|C|C|A|C|A|C|A|T|+|+|+|C|G|GG,67.5562037,0.0,0.0
M231A,Hap1,-|T|T|+|G|-|C|A|A|G|C|T|A|G|G|G|C|G|C|T|G|G|T|G|A|C|G|A|C|C|T|C|G|C|A|T|G|C|A|A|A|C|A|C|G|A|C|C|A|C|A|C|A|T|+|+|+|C|G|GG,71.1904056,0.0,0.0
M232A,Hap3,A|C|T|+|A|C|C|A|A|G|G|C|A|A|-|G|C|G|-|C|+|G|-|-|A|C|G|G|C|C|T|C|C|T|G|+|A|G|A|G|G|C|G|C|G|G|C|T|A|C|A|C|A|T|+|+|+|C|G|GG,71.25062955,0.0,0.0
M233A,Hap13,A|T|T|+|G|C|+|A|A|G|G|C|A|A|G|G|C|G|C|C|+|G|-|G|A|C|T|A|T|T|T|C|G|C|A|T|G|C|A|A|A|C|A|C|G|G|C|C|A|C|G|T|A|A|G|A|G|T|G|AG,48.24758125,0.0,0.0
M234A,Hap1,-|T|T|+|G|-|C|A|A|G|C|T|A|G|G|G|C|G|C|T|G|G|T|G|A|C|G|A|C|C|T|C|G|C|A|T|G|C|A|A|A|C|A|C|G|A|C|C|A|C|A|C|A|T|+|+|+|C|G|GG,68.36273505,0.0,0.0
M235A,Hap20,A|T|T|+|G|C|+|A|A|G|G|C|A|A|G|G|C|G|C|C|+|A|-|G|A|C|G|G|C|T|T|C|G|C|A|T|G|C|A|A|A|C|A|C|G|G|C|C|A|C|G|C|A|A|G|A|G|T|G|AG,45.43824674,0.0,0.0
M236A,Hap1,-|T|T|+|G|-|C|A|A|G|C|T|A|G|G|G|C|G|C|T|G|G|T|G|A|C|G|A|C|C|T|C|G|C|A|T|G|C|A|A|A|C|A|C|G|A|C|C|A|C|A|C|A|T|+|+|+|C|G|GG,65.26526325,0.0,0.0
M237A,Hap1,-|T|T|+|G|-|C|A|A|G|C|T|A|G|G|G|C|G|C|T|G|G|T|G|A|C|G|A|C|C|T|C|G|C|A|T|G|C|A|A|A|C|A|C|G|A|C|C|A|C|A|C|A|T|+|+|+|C|G|GG,64.50026995,0.0275138,0.0
M238A,Hap1,-|T|T|+|G|-|C|A|A|G|C|T|A|G|G|G|C|G|C|T|G|G|T|G|A|C|G|A|C|C|T|C|G|C|A|T|G|C|A|A|A|C|A|C|G|A|C|C|A|C|A|C|A|T|+|+|+|C|G|GG,58.81862315,0.0,0.0
M239A,Hap37,A|T|T|+|G|C|C|A|A|-|G|T|A|G|G|G|C|-|C|C|G|G|T|G|A|C|G|G|C|C|C|C|G|C|A|T|G|C|A|A|A|T|A|C|G|G|C|C|A|C|G|C|A|A|G|A|G|T|T|AG,51.0862797,0.0,0.0
M23A,Hap1,-|T|T|+|G|-|C|A|A|G|C|T|A|G|G|G|C|G|C|T|G|G|T|G|A|C|G|A|C|C|T|C|G|C|A|T|G|C|A|A|A|C|A|C|G|A|C|C|A|C|A|C|A|T|+|+|+|C|G|GG,55.6748793,0.0,0.0
M240A,Hap1,-|T|T|+|G|-|C|A|A|G|C|T|A|G|G|G|C|G|C|T|G|G|T|G|A|C|G|A|C|C|T|C|G|C|A|T|G|C|A|A|A|C|A|C|G|A|C|C|A|C|A|C|A|T|+|+|+|C|G|GG,54.4428493,0.0,0.0
M241A,Hap1,-|T|T|+|G|-|C|A|A|G|C|T|A|G|G|G|C|G|C|T|G|G|T|G|A|C|G|A|C|C|T|C|G|C|A|T|G|C|A|A|A|C|A|C|G|A|C|C|A|C|A|C|A|T|+|+|+|C|G|GG,57.01635275,0.0,0.0
M242A,Hap11,-|T|T|+|G|C|C|A|A|G|C|T|A|G|G|G|C|G|C|C|G|G|T|G|A|C|G|A|C|C|T|C|G|C|A|T|G|C|A|A|A|C|A|T|G|A|C|C|A|G|G|C|A|A|G|A|G|T|G|AG,51.29785315,0.0,0.0
M243A,Hap6,-|T|+|+|G|C|C|A|A|G|C|T|A|G|G|+|C|G|C|C|G|A|T|G|A|C|G|A|C|C|T|C|G|C|A|T|G|C|A|A|A|C|A|C|G|A|C|C|A|C|A|C|A|T|+|+|+|C|G|GG,54.58631675,0.0,0.0
M244A,Hap1,-|T|T|+|G|-|C|A|A|G|C|T|A|G|G|G|C|G|C|T|G|G|T|G|A|C|G|A|C|C|T|C|G|C|A|T|G|C|A|A|A|C|A|C|G|A|C|C|A|C|A|C|A|T|+|+|+|C|G|GG,54.0538868,0.0,0.0
M245A,Hap1,-|T|T|+|G|-|C|A|A|G|C|T|A|G|G|G|C|G|C|T|G|G|T|G|A|C|G|A|C|C|T|C|G|C|A|T|G|C|A|A|A|C|A|C|G|A|C|C|A|C|A|C|A|T|+|+|+|C|G|GG,64.5607498,0.0,0.0
M246A,Hap1,-|T|T|+|G|-|C|A|A|G|C|T|A|G|G|G|C|G|C|T|G|G|T|G|A|C|G|A|C|C|T|C|G|C|A|T|G|C|A|A|A|C|A|C|G|A|C|C|A|C|A|C|A|T|+|+|+|C|G|GG,45.4834038,0.0,0.0
M247A,Hap1,-|T|T|+|G|-|C|A|A|G|C|T|A|G|G|G|C|G|C|T|G|G|T|G|A|C|G|A|C|C|T|C|G|C|A|T|G|C|A|A|A|C|A|C|G|A|C|C|A|C|A|C|A|T|+|+|+|C|G|GG,52.99181455,0.0,0.0
M248A,Hap1,-|T|T|+|G|-|C|A|A|G|C|T|A|G|G|G|C|G|C|T|G|G|T|G|A|C|G|A|C|C|T|C|G|C|A|T|G|C|A|A|A|C|A|C|G|A|C|C|A|C|A|C|A|T|+|+|+|C|G|GG,47.64782155,0.0,0.0457316
M249A,Hap1,-|T|T|+|G|-|C|A|A|G|C|T|A|G|G|G|C|G|C|T|G|G|T|G|A|C|G|A|C|C|T|C|G|C|A|T|G|C|A|A|A|C|A|C|G|A|C|C|A|C|A|C|A|T|+|+|+|C|G|GG,47.90520749,0.0,0.0
M24A,Hap6,-|T|+|+|G|C|C|A|A|G|C|T|A|G|G|+|C|G|C|C|G|A|T|G|A|C|G|A|C|C|T|C|G|C|A|T|G|C|A|A|A|C|A|C|G|A|C|C|A|C|A|C|A|T|+|+|+|C|G|GG,46.64367049,0.0,0.0
M250A,Hap1,-|T|T|+|G|-|C|A|A|G|C|T|A|G|G|G|C|G|C|T|G|G|T|G|A|C|G|A|C|C|T|C|G|C|A|T|G|C|A|A|A|C|A|C|G|A|C|C|A|C|A|C|A|T|+|+|+|C|G|GG,44.58510845,0.0,0.0
M251A,Hap36,-|T|T|+|G|C|C|A|A|G|C|T|A|G|G|G|C|G|C|C|G|G|T|G|A|C|G|A|C|C|T|C|G|C|A|T|G|C|A|A|A|C|A|C|A|A|C|C|A|C|A|C|A|T|+|+|+|C|G|GG,50.6889524,0.0,0.0
M252A,Hap1,-|T|T|+|G|-|C|A|A|G|C|T|A|G|G|G|C|G|C|T|G|G|T|G|A|C|G|A|C|C|T|C|G|C|A|T|G|C|A|A|A|C|A|C|G|A|C|C|A|C|A|C|A|T|+|+|+|C|G|GG,44.09029227,0.0,0.0
M253A,Hap4,A|T|T|A|G|C|C|A|A|G|G|T|C|A|G|G|T|G|C|C|G|G|T|G|C|C|G|A|C|C|T|C|G|C|A|T|G|C|A|A|A|C|A|C|A|G|C|C|G|C|G|C|A|A|G|A|G|T|G|AG,44.71263315,0.0,0.0
M254A,Hap1,-|T|T|+|G|-|C|A|A|G|C|T|A|G|G|G|C|G|C|T|G|G|T|G|A|C|G|A|C|C|T|C|G|C|A|T|G|C|A|A|A|C|A|C|G|A|C|C|A|C|A|C|A|T|+|+|+|C|G|GG,53.15290155,0.0,0.0
M255A,Hap1,-|T|T|+|G|-|C|A|A|G|C|T|A|G|G|G|C|G|C|T|G|G|T|G|A|C|G|A|C|C|T|C|G|C|A|T|G|C|A|A|A|C|A|C|G|A|C|C|A|C|A|C|A|T|+|+|+|C|G|GG,50.03467945,0.0,0.0
M256A,Hap5,-|T|T|+|G|C|C|A|A|G|C|T|A|G|G|G|C|G|C|C|G|G|T|G|A|C|G|A|C|C|T|C|G|C|A|T|G|C|A|A|A|C|A|C|G|A|C|C|A|C|A|C|A|T|+|+|+|C|G|GG,51.4416503,0.0,0.0
M257A,Hap1,-|T|T|+|G|-|C|A|A|G|C|T|A|G|G|G|C|G|C|T|G|G|T|G|A|C|G|A|C|C|T|C|G|C|A|T|G|C|A|A|A|C|A|C|G|A|C|C|A|C|A|C|A|T|+|+|+|C|G|GG,53.30069185,0.0,0.0
M258A,Hap1,-|T|T|+|G|-|C|A|A|G|C|T|A|G|G|G|C|G|C|T|G|G|T|G|A|C|G|A|C|C|T|C|G|C|A|T|G|C|A|A|A|C|A|C|G|A|C|C|A|C|A|C|A|T|+|+|+|C|G|GG,54.2766657,0.0,0.0
M259A,Hap35,A|T|T|+|G|-|C|A|A|G|C|T|A|G|G|G|C|G|C|T|G|G|T|G|A|C|G|A|C|C|T|C|G|C|A|T|G|C|A|A|A|C|A|C|G|A|C|C|A|C|A|C|A|T|+|+|+|C|G|GG,53.9120113,0.0,0.0
M25A,Hap1,-|T|T|+|G|-|C|A|A|G|C|T|A|G|G|G|C|G|C|T|G|G|T|G|A|C|G|A|C|C|T|C|G|C|A|T|G|C|A|A|A|C|A|C|G|A|C|C|A|C|A|C|A|T|+|+|+|C|G|GG,68.08584525,0.0,0.0
M260A,Hap1,-|T|T|+|G|-|C|A|A|G|C|T|A|G|G|G|C|G|C|T|G|G|T|G|A|C|G|A|C|C|T|C|G|C|A|T|G|C|A|A|A|C|A|C|G|A|C|C|A|C|A|C|A|T|+|+|+|C|G|GG,56.5217743,0.0,0.0
M261A,Hap1,-|T|T|+|G|-|C|A|A|G|C|T|A|G|G|G|C|G|C|T|G|G|T|G|A|C|G|A|C|C|T|C|G|C|A|T|G|C|A|A|A|C|A|C|G|A|C|C|A|C|A|C|A|T|+|+|+|C|G|GG,56.4786702,0.0,0.0
M262A,Hap1,-|T|T|+|G|-|C|A|A|G|C|T|A|G|G|G|C|G|C|T|G|G|T|G|A|C|G|A|C|C|T|C|G|C|A|T|G|C|A|A|A|C|A|C|G|A|C|C|A|C|A|C|A|T|+|+|+|C|G|GG,53.0357048,0.0,0.0
M263A,Hap1,-|T|T|+|G|-|C|A|A|G|C|T|A|G|G|G|C|G|C|T|G|G|T|G|A|C|G|A|C|C|T|C|G|C|A|T|G|C|A|A|A|C|A|C|G|A|C|C|A|C|A|C|A|T|+|+|+|C|G|GG,50.8371069,0.0,0.0
M264A,Hap1,-|T|T|+|G|-|C|A|A|G|C|T|A|G|G|G|C|G|C|T|G|G|T|G|A|C|G|A|C|C|T|C|G|C|A|T|G|C|A|A|A|C|A|C|G|A|C|C|A|C|A|C|A|T|+|+|+|C|G|GG,57.57994005,0.0,0.0
M265A,Hap3,A|C|T|+|A|C|C|A|A|G|G|C|A|A|-|G|C|G|-|C|+|G|-|-|A|C|G|G|C|C|T|C|C|T|G|+|A|G|A|G|G|C|G|C|G|G|C|T|A|C|A|C|A|T|+|+|+|C|G|GG,51.2280408,0.0,0.0
M266A,Hap15,-|T|T|+|G|C|C|A|A|G|C|T|A|G|G|G|C|G|C|T|G|G|T|G|A|C|G|A|C|C|T|C|G|C|A|T|G|C|A|A|A|C|A|C|G|A|C|C|A|C|A|C|A|T|+|+|+|C|G|GG,53.5671685,0.0,0.0
M267A,Hap1,-|T|T|+|G|-|C|A|A|G|C|T|A|G|G|G|C|G|C|T|G|G|T|G|A|C|G|A|C|C|T|C|G|C|A|T|G|C|A|A|A|C|A|C|G|A|C|C|A|C|A|C|A|T|+|+|+|C|G|GG,55.3280877,0.0,0.0
M268A,Hap4,A|T|T|A|G|C|C|A|A|G|G|T|C|A|G|G|T|G|C|C|G|G|T|G|C|C|G|A|C|C|T|C|G|C|A|T|G|C|A|A|A|C|A|C|A|G|C|C|G|C|G|C|A|A|G|A|G|T|G|AG,45.24331797,0.0,0.0
M269A,Hap1,-|T|T|+|G|-|C|A|A|G|C|T|A|G|G|G|C|G|C|T|G|G|T|G|A|C|G|A|C|C|T|C|G|C|A|T|G|C|A|A|A|C|A|C|G|A|C|C|A|C|A|C|A|T|+|+|+|C|G|GG,55.8312336,0.0,0.0
M26A,Hap1,-|T|T|+|G|-|C|A|A|G|C|T|A|G|G|G|C|G|C|T|G|G|T|G|A|C|G|A|C|C|T|C|G|C|A|T|G|C|A|A|A|C|A|C|G|A|C|C|A|C|A|C|A|T|+|+|+|C|G|GG,49.94184254,0.0,0.0
M270A,Hap1,-|T|T|+|G|-|C|A|A|G|C|T|A|G|G|G|C|G|C|T|G|G|T|G|A|C|G|A|C|C|T|C|G|C|A|T|G|C|A|A|A|C|A|C|G|A|C|C|A|C|A|C|A|T|+|+|+|C|G|GG,49.43114589,0.0,0.0
M271A,Hap34,A|C|T|+|A|C|C|A|A|G|G|C|A|A|-|G|C|G|-|C|+|G|-|-|A|C|G|G|C|C|T|C|C|T|G|+|A|G|A|A|A|C|G|C|G|G|C|T|A|C|A|C|A|T|+|+|+|C|G|GG,51.3122614,0.0,0.0
M272A,Hap1,-|T|T|+|G|-|C|A|A|G|C|T|A|G|G|G|C|G|C|T|G|G|T|G|A|C|G|A|C|C|T|C|G|C|A|T|G|C|A|A|A|C|A|C|G|A|C|C|A|C|A|C|A|T|+|+|+|C|G|GG,51.15443065,0.0,0.0
M273A,Hap1,-|T|T|+|G|-|C|A|A|G|C|T|A|G|G|G|C|G|C|T|G|G|T|G|A|C|G|A|C|C|T|C|G|C|A|T|G|C|A|A|A|C|A|C|G|A|C|C|A|C|A|C|A|T|+|+|+|C|G|GG,57.66354755,0.0,0.0
M274A,Hap1,-|T|T|+|G|-|C|A|A|G|C|T|A|G|G|G|C|G|C|T|G|G|T|G|A|C|G|A|C|C|T|C|G|C|A|T|G|C|A|A|A|C|A|C|G|A|C|C|A|C|A|C|A|T|+|+|+|C|G|GG,51.55489845,0.0,0.0
M275A,Hap4,A|T|T|A|G|C|C|A|A|G|G|T|C|A|G|G|T|G|C|C|G|G|T|G|C|C|G|A|C|C|T|C|G|C|A|T|G|C|A|A|A|C|A|C|A|G|C|C|G|C|G|C|A|A|G|A|G|T|G|AG,47.47670856,0.0,0.0
M276A,Hap1,-|T|T|+|G|-|C|A|A|G|C|T|A|G|G|G|C|G|C|T|G|G|T|G|A|C|G|A|C|C|T|C|G|C|A|T|G|C|A|A|A|C|A|C|G|A|C|C|A|C|A|C|A|T|+|+|+|C|G|GG,53.91317505,0.0,0.0
M277A,Hap3,A|C|T|+|A|C|C|A|A|G|G|C|A|A|-|G|C|G|-|C|+|G|-|-|A|C|G|G|C|C|T|C|C|T|G|+|A|G|A|G|G|C|G|C|G|G|C|T|A|C|A|C|A|T|+|+|+|C|G|GG,53.83058295,0.0,0.0
M278A,Hap3,A|C|T|+|A|C|C|A|A|G|G|C|A|A|-|G|C|G|-|C|+|G|-|-|A|C|G|G|C|C|T|C|C|T|G|+|A|G|A|G|G|C|G|C|G|G|C|T|A|C|A|C|A|T|+|+|+|C|G|GG,49.45386013,0.0,0.0
M279A,Hap1,-|T|T|+|G|-|C|A|A|G|C|T|A|G|G|G|C|G|C|T|G|G|T|G|A|C|G|A|C|C|T|C|G|C|A|T|G|C|A|A|A|C|A|C|G|A|C|C|A|C|A|C|A|T|+|+|+|C|G|GG,50.170819,0.0,0.0
M27A,Hap1,-|T|T|+|G|-|C|A|A|G|C|T|A|G|G|G|C|G|C|T|G|G|T|G|A|C|G|A|C|C|T|C|G|C|A|T|G|C|A|A|A|C|A|C|G|A|C|C|A|C|A|C|A|T|+|+|+|C|G|GG,55.397936,0.0,0.0
M280A,Hap4,A|T|T|A|G|C|C|A|A|G|G|T|C|A|G|G|T|G|C|C|G|G|T|G|C|C|G|A|C|C|T|C|G|C|A|T|G|C|A|A|A|C|A|C|A|G|C|C|G|C|G|C|A|A|G|A|G|T|G|AG,49.95915416,0.0,0.0
M281A,Hap15,-|T|T|+|G|C|C|A|A|G|C|T|A|G|G|G|C|G|C|T|G|G|T|G|A|C|G|A|C|C|T|C|G|C|A|T|G|C|A|A|A|C|A|C|G|A|C|C|A|C|A|C|A|T|+|+|+|C|G|GG,62.6011218,0.0,0.0
M282A,Hap3,A|C|T|+|A|C|C|A|A|G|G|C|A|A|-|G|C|G|-|C|+|G|-|-|A|C|G|G|C|C|T|C|C|T|G|+|A|G|A|G|G|C|G|C|G|G|C|T|A|C|A|C|A|T|+|+|+|C|G|GG,51.25321425,0.0,0.0
M283A,Hap4,A|T|T|A|G|C|C|A|A|G|G|T|C|A|G|G|T|G|C|C|G|G|T|G|C|C|G|A|C|C|T|C|G|C|A|T|G|C|A|A|A|C|A|C|A|G|C|C|G|C|G|C|A|A|G|A|G|T|G|AG,56.5343185,0.0,0.0
M284A,Hap47,A|T|T|+|G|-|C|A|A|G|G|T|A|G|G|G|C|G|C|T|G|G|T|G|A|C|G|A|C|C|T|C|G|C|A|T|G|C|A|A|A|C|A|C|G|A|C|C|A|C|A|C|A|T|+|+|+|C|G|GG,65.045502,0.0,0.0
M285A,Hap1,-|T|T|+|G|-|C|A|A|G|C|T|A|G|G|G|C|G|C|T|G|G|T|G|A|C|G|A|C|C|T|C|G|C|A|T|G|C|A|A|A|C|A|C|G|A|C|C|A|C|A|C|A|T|+|+|+|C|G|GG,63.3355398,0.0,0.0
M286A,Hap1,-|T|T|+|G|-|C|A|A|G|C|T|A|G|G|G|C|G|C|T|G|G|T|G|A|C|G|A|C|C|T|C|G|C|A|T|G|C|A|A|A|C|A|C|G|A|C|C|A|C|A|C|A|T|+|+|+|C|G|GG,74.73817215,0.0,0.0
M287A,Hap1,-|T|T|+|G|-|C|A|A|G|C|T|A|G|G|G|C|G|C|T|G|G|T|G|A|C|G|A|C|C|T|C|G|C|A|T|G|C|A|A|A|C|A|C|G|A|C|C|A|C|A|C|A|T|+|+|+|C|G|GG,67.61784345,0.0,0.0
M288A,Hap4,A|T|T|A|G|C|C|A|A|G|G|T|C|A|G|G|T|G|C|C|G|G|T|G|C|C|G|A|C|C|T|C|G|C|A|T|G|C|A|A|A|C|A|C|A|G|C|C|G|C|G|C|A|A|G|A|G|T|G|AG,56.1912643,0.0,0.0
M289A,Hap11,-|T|T|+|G|C|C|A|A|G|C|T|A|G|G|G|C|G|C|C|G|G|T|G|A|C|G|A|C|C|T|C|G|C|A|T|G|C|A|A|A|C|A|T|G|A|C|C|A|G|G|C|A|A|G|A|G|T|G|AG,66.3951173,0.0,0.0
M28A,Hap1,-|T|T|+|G|-|C|A|A|G|C|T|A|G|G|G|C|G|C|T|G|G|T|G|A|C|G|A|C|C|T|C|G|C|A|T|G|C|A|A|A|C|A|C|G|A|C|C|A|C|A|C|A|T|+|+|+|C|G|GG,55.8948946,0.0,0.0
M290A,Hap11,-|T|T|+|G|C|C|A|A|G|C|T|A|G|G|G|C|G|C|C|G|G|T|G|A|C|G|A|C|C|T|C|G|C|A|T|G|C|A|A|A|C|A|T|G|A|C|C|A|G|G|C|A|A|G|A|G|T|G|AG,58.15894725,0.0,0.0
M291A,Hap4,A|T|T|A|G|C|C|A|A|G|G|T|C|A|G|G|T|G|C|C|G|G|T|G|C|C|G|A|C|C|T|C|G|C|A|T|G|C|A|A|A|C|A|C|A|G|C|C|G|C|G|C|A|A|G|A|G|T|G|AG,66.4856114,0.0,0.0
M292A,Hap1,-|T|T|+|G|-|C|A|A|G|C|T|A|G|G|G|C|G|C|T|G|G|T|G|A|C|G|A|C|C|T|C|G|C|A|T|G|C|A|A|A|C|A|C|G|A|C|C|A|C|A|C|A|T|+|+|+|C|G|GG,58.9248032,0.0,0.0
M293A,Hap1,-|T|T|+|G|-|C|A|A|G|C|T|A|G|G|G|C|G|C|T|G|G|T|G|A|C|G|A|C|C|T|C|G|C|A|T|G|C|A|A|A|C|A|C|G|A|C|C|A|C|A|C|A|T|+|+|+|C|G|GG,69.827528,0.0,0.0
M294A,Hap1,-|T|T|+|G|-|C|A|A|G|C|T|A|G|G|G|C|G|C|T|G|G|T|G|A|C|G|A|C|C|T|C|G|C|A|T|G|C|A|A|A|C|A|C|G|A|C|C|A|C|A|C|A|T|+|+|+|C|G|GG,65.5616544,0.0,0.0
M295A,Hap1,-|T|T|+|G|-|C|A|A|G|C|T|A|G|G|G|C|G|C|T|G|G|T|G|A|C|G|A|C|C|T|C|G|C|A|T|G|C|A|A|A|C|A|C|G|A|C|C|A|C|A|C|A|T|+|+|+|C|G|GG,56.9667629,0.0,0.0
M296A,Hap5,-|T|T|+|G|C|C|A|A|G|C|T|A|G|G|G|C|G|C|C|G|G|T|G|A|C|G|A|C|C|T|C|G|C|A|T|G|C|A|A|A|C|A|C|G|A|C|C|A|C|A|C|A|T|+|+|+|C|G|GG,59.13615515,0.0,0.0
M297A,Hap1,-|T|T|+|G|-|C|A|A|G|C|T|A|G|G|G|C|G|C|T|G|G|T|G|A|C|G|A|C|C|T|C|G|C|A|T|G|C|A|A|A|C|A|C|G|A|C|C|A|C|A|C|A|T|+|+|+|C|G|GG,64.6810921,0.0,0.0
M298A,Hap1,-|T|T|+|G|-|C|A|A|G|C|T|A|G|G|G|C|G|C|T|G|G|T|G|A|C|G|A|C|C|T|C|G|C|A|T|G|C|A|A|A|C|A|C|G|A|C|C|A|C|A|C|A|T|+|+|+|C|G|GG,62.10831905,0.0,0.0
M299A,Hap4,A|T|T|A|G|C|C|A|A|G|G|T|C|A|G|G|T|G|C|C|G|G|T|G|C|C|G|A|C|C|T|C|G|C|A|T|G|C|A|A|A|C|A|C|A|G|C|C|G|C|G|C|A|A|G|A|G|T|G|AG,56.3513183,0.0,0.0
M29A,Hap2,-|T|T|+|G|C|C|A|A|G|C|T|A|G|G|G|C|G|C|C|G|G|T|G|A|C|G|A|C|C|T|C|G|C|A|T|G|C|G|A|A|C|A|C|G|G|C|C|A|C|A|C|A|T|+|+|+|C|G|GG,46.52957137,0.0,0.0
M2A,Hap5,-|T|T|+|G|C|C|A|A|G|C|T|A|G|G|G|C|G|C|C|G|G|T|G|A|C|G|A|C|C|T|C|G|C|A|T|G|C|A|A|A|C|A|C|G|A|C|C|A|C|A|C|A|T|+|+|+|C|G|GG,59.73094225,0.0,0.0
M3-2A,Hap2,-|T|T|+|G|C|C|A|A|G|C|T|A|G|G|G|C|G|C|C|G|G|T|G|A|C|G|A|C|C|T|C|G|C|A|T|G|C|G|A|A|C|A|C|G|G|C|C|A|C|A|C|A|T|+|+|+|C|G|GG,,,
M300A,Hap1,-|T|T|+|G|-|C|A|A|G|C|T|A|G|G|G|C|G|C|T|G|G|T|G|A|C|G|A|C|C|T|C|G|C|A|T|G|C|A|A|A|C|A|C|G|A|C|C|A|C|A|C|A|T|+|+|+|C|G|GG,70.6573729,0.0,0.0
M301A,Hap5,-|T|T|+|G|C|C|A|A|G|C|T|A|G|G|G|C|G|C|C|G|G|T|G|A|C|G|A|C|C|T|C|G|C|A|T|G|C|A|A|A|C|A|C|G|A|C|C|A|C|A|C|A|T|+|+|+|C|G|GG,50.1929156,0.0,0.0
M302A,Hap1,-|T|T|+|G|-|C|A|A|G|C|T|A|G|G|G|C|G|C|T|G|G|T|G|A|C|G|A|C|C|T|C|G|C|A|T|G|C|A|A|A|C|A|C|G|A|C|C|A|C|A|C|A|T|+|+|+|C|G|GG,46.75112218,0.0,0.0
M303A,Hap5,-|T|T|+|G|C|C|A|A|G|C|T|A|G|G|G|C|G|C|C|G|G|T|G|A|C|G|A|C|C|T|C|G|C|A|T|G|C|A|A|A|C|A|C|G|A|C|C|A|C|A|C|A|T|+|+|+|C|G|GG,54.33626125,0.0,0.0
M304A,Hap7,A|T|T|A|G|C|C|A|A|G|G|T|C|G|G|G|T|G|C|C|G|G|T|G|C|C|G|A|C|C|T|C|G|C|A|T|G|C|A|A|A|C|A|C|G|G|T|C|A|C|A|C|A|T|+|+|+|C|G|GG,46.81667325,0.0,0.0
M305A,Hap30,-|T|T|+|G|C|C|A|A|G|C|T|A|G|G|G|C|G|C|C|G|G|T|G|A|C|G|A|C|C|T|C|G|C|A|T|G|C|G|A|A|C|A|C|G|G|T|C|A|C|A|C|A|T|+|+|+|C|G|GG,44.21334439,0.0,0.0480123
M306A,Hap4,A|T|T|A|G|C|C|A|A|G|G|T|C|A|G|G|T|G|C|C|G|G|T|G|C|C|G|A|C|C|T|C|G|C|A|T|G|C|A|A|A|C|A|C|A|G|C|C|G|C|G|C|A|A|G|A|G|T|G|AG,53.6937463,0.0,0.0
M307A,Hap1,-|T|T|+|G|-|C|A|A|G|C|T|A|G|G|G|C|G|C|T|G|G|T|G|A|C|G|A|C|C|T|C|G|C|A|T|G|C|A|A|A|C|A|C|G|A|C|C|A|C|A|C|A|T|+|+|+|C|G|GG,59.3521417,0.0,0.0
M308A,Hap1,-|T|T|+|G|-|C|A|A|G|C|T|A|G|G|G|C|G|C|T|G|G|T|G|A|C|G|A|C|C|T|C|G|C|A|T|G|C|A|A|A|C|A|C|G|A|C|C|A|C|A|C|A|T|+|+|+|C|G|GG,62.884364,0.0,0.0
M309A,Hap1,-|T|T|+|G|-|C|A|A|G|C|T|A|G|G|G|C|G|C|T|G|G|T|G|A|C|G|A|C|C|T|C|G|C|A|T|G|C|A|A|A|C|A|C|G|A|C|C|A|C|A|C|A|T|+|+|+|C|G|GG,56.8688708,0.0,0.0
M30A,Hap2,-|T|T|+|G|C|C|A|A|G|C|T|A|G|G|G|C|G|C|C|G|G|T|G|A|C|G|A|C|C|T|C|G|C|A|T|G|C|G|A|A|C|A|C|G|G|C|C|A|C|A|C|A|T|+|+|+|C|G|GG,56.3146886,0.0,0.0
M310A,Hap1,-|T|T|+|G|-|C|A|A|G|C|T|A|G|G|G|C|G|C|T|G|G|T|G|A|C|G|A|C|C|T|C|G|C|A|T|G|C|A|A|A|C|A|C|G|A|C|C|A|C|A|C|A|T|+|+|+|C|G|GG,61.5358864,0.0,0.0
M311A,Hap3,A|C|T|+|A|C|C|A|A|G|G|C|A|A|-|G|C|G|-|C|+|G|-|-|A|C|G|G|C|C|T|C|C|T|G|+|A|G|A|G|G|C|G|C|G|G|C|T|A|C|A|C|A|T|+|+|+|C|G|GG,66.26856575,0.0,0.0
M312A,Hap1,-|T|T|+|G|-|C|A|A|G|C|T|A|G|G|G|C|G|C|T|G|G|T|G|A|C|G|A|C|C|T|C|G|C|A|T|G|C|A|A|A|C|A|C|G|A|C|C|A|C|A|C|A|T|+|+|+|C|G|GG,49.14488338,0.0,0.0
M313A,Hap22,A|T|T|+|G|C|C|A|A|G|G|T|A|A|G|G|C|G|C|C|G|G|T|G|A|C|G|A|C|C|T|C|G|C|A|T|G|C|A|A|A|C|A|C|G|G|C|C|A|C|A|C|A|T|+|+|+|C|G|GG,64.16732935,0.0,0.0
M314A,Hap1,-|T|T|+|G|-|C|A|A|G|C|T|A|G|G|G|C|G|C|T|G|G|T|G|A|C|G|A|C|C|T|C|G|C|A|T|G|C|A|A|A|C|A|C|G|A|C|C|A|C|A|C|A|T|+|+|+|C|G|GG,66.69352165,0.0,0.0
M315A,Hap4,A|T|T|A|G|C|C|A|A|G|G|T|C|A|G|G|T|G|C|C|G|G|T|G|C|C|G|A|C|C|T|C|G|C|A|T|G|C|A|A|A|C|A|C|A|G|C|C|G|C|G|C|A|A|G|A|G|T|G|AG,64.40066545,0.0,0.0
M316A,Hap4,A|T|T|A|G|C|C|A|A|G|G|T|C|A|G|G|T|G|C|C|G|G|T|G|C|C|G|A|C|C|T|C|G|C|A|T|G|C|A|A|A|C|A|C|A|G|C|C|G|C|G|C|A|A|G|A|G|T|G|AG,63.3484391,0.0,0.0
M317A,Hap1,-|T|T|+|G|-|C|A|A|G|C|T|A|G|G|G|C|G|C|T|G|G|T|G|A|C|G|A|C|C|T|C|G|C|A|T|G|C|A|A|A|C|A|C|G|A|C|C|A|C|A|C|A|T|+|+|+|C|G|GG,69.8285149,0.0,0.0
M318A,Hap1,-|T|T|+|G|-|C|A|A|G|C|T|A|G|G|G|C|G|C|T|G|G|T|G|A|C|G|A|C|C|T|C|G|C|A|T|G|C|A|A|A|C|A|C|G|A|C|C|A|C|A|C|A|T|+|+|+|C|G|GG,64.964797,0.0,0.0
M319A,Hap1,-|T|T|+|G|-|C|A|A|G|C|T|A|G|G|G|C|G|C|T|G|G|T|G|A|C|G|A|C|C|T|C|G|C|A|T|G|C|A|A|A|C|A|C|G|A|C|C|A|C|A|C|A|T|+|+|+|C|G|GG,66.8362959,0.0,0.0253119
M31A,Hap14,-|T|T|+|G|C|C|A|A|G|C|T|A|G|G|G|C|G|C|C|G|G|T|G|A|C|G|A|C|C|T|C|G|C|A|T|G|C|A|A|A|C|A|C|G|G|C|C|A|C|A|C|A|T|+|+|+|C|G|GG,49.9277796,0.0,0.0
M320A,Hap4,A|T|T|A|G|C|C|A|A|G|G|T|C|A|G|G|T|G|C|C|G|G|T|G|C|C|G|A|C|C|T|C|G|C|A|T|G|C|A|A|A|C|A|C|A|G|C|C|G|C|G|C|A|A|G|A|G|T|G|AG,62.31381305,0.0,0.0
M321A,Hap1,-|T|T|+|G|-|C|A|A|G|C|T|A|G|G|G|C|G|C|T|G|G|T|G|A|C|G|A|C|C|T|C|G|C|A|T|G|C|A|A|A|C|A|C|G|A|C|C|A|C|A|C|A|T|+|+|+|C|G|GG,68.101389,0.0,0.0
M322A,Hap1,-|T|T|+|G|-|C|A|A|G|C|T|A|G|G|G|C|G|C|T|G|G|T|G|A|C|G|A|C|C|T|C|G|C|A|T|G|C|A|A|A|C|A|C|G|A|C|C|A|C|A|C|A|T|+|+|+|C|G|GG,65.7083396,0.0,0.0
M323A,Hap1,-|T|T|+|G|-|C|A|A|G|C|T|A|G|G|G|C|G|C|T|G|G|T|G|A|C|G|A|C|C|T|C|G|C|A|T|G|C|A|A|A|C|A|C|G|A|C|C|A|C|A|C|A|T|+|+|+|C|G|GG,62.526993,0.0,0.0
M324A,Hap1,-|T|T|+|G|-|C|A|A|G|C|T|A|G|G|G|C|G|C|T|G|G|T|G|A|C|G|A|C|C|T|C|G|C|A|T|G|C|A|A|A|C|A|C|G|A|C|C|A|C|A|C|A|T|+|+|+|C|G|GG,67.8206969,0.0,0.0
M325A,Hap1,-|T|T|+|G|-|C|A|A|G|C|T|A|G|G|G|C|G|C|T|G|G|T|G|A|C|G|A|C|C|T|C|G|C|A|T|G|C|A|A|A|C|A|C|G|A|C|C|A|C|A|C|A|T|+|+|+|C|G|GG,55.67693205,0.0,0.0
M326A,Hap1,-|T|T|+|G|-|C|A|A|G|C|T|A|G|G|G|C|G|C|T|G|G|T|G|A|C|G|A|C|C|T|C|G|C|A|T|G|C|A|A|A|C|A|C|G|A|C|C|A|C|A|C|A|T|+|+|+|C|G|GG,67.6924192,0.0,0.0
M327A,Hap4,A|T|T|A|G|C|C|A|A|G|G|T|C|A|G|G|T|G|C|C|G|G|T|G|C|C|G|A|C|C|T|C|G|C|A|T|G|C|A|A|A|C|A|C|A|G|C|C|G|C|G|C|A|A|G|A|G|T|G|AG,53.82729755,0.0,0.0
M328A,Hap4,A|T|T|A|G|C|C|A|A|G|G|T|C|A|G|G|T|G|C|C|G|G|T|G|C|C|G|A|C|C|T|C|G|C|A|T|G|C|A|A|A|C|A|C|A|G|C|C|G|C|G|C|A|A|G|A|G|T|G|AG,50.57890915,0.0,0.0
M329A,Hap2,-|T|T|+|G|C|C|A|A|G|C|T|A|G|G|G|C|G|C|C|G|G|T|G|A|C|G|A|C|C|T|C|G|C|A|T|G|C|G|A|A|C|A|C|G|G|C|C|A|C|A|C|A|T|+|+|+|C|G|GG,60.6359231,0.0,0.0
M32A,Hap2,-|T|T|+|G|C|C|A|A|G|C|T|A|G|G|G|C|G|C|C|G|G|T|G|A|C|G|A|C|C|T|C|G|C|A|T|G|C|G|A|A|C|A|C|G|G|C|C|A|C|A|C|A|T|+|+|+|C|G|GG,53.4763017,0.0,0.0
M330A,Hap3,A|C|T|+|A|C|C|A|A|G|G|C|A|A|-|G|C|G|-|C|+|G|-|-|A|C|G|G|C|C|T|C|C|T|G|+|A|G|A|G|G|C|G|C|G|G|C|T|A|C|A|C|A|T|+|+|+|C|G|GG,51.95421805,0.0,0.0
M331A,Hap4,A|T|T|A|G|C|C|A|A|G|G|T|C|A|G|G|T|G|C|C|G|G|T|G|C|C|G|A|C|C|T|C|G|C|A|T|G|C|A|A|A|C|A|C|A|G|C|C|G|C|G|C|A|A|G|A|G|T|G|AG,53.72452825,0.0,0.0
M332A,Hap1,-|T|T|+|G|-|C|A|A|G|C|T|A|G|G|G|C|G|C|T|G|G|T|G|A|C|G|A|C|C|T|C|G|C|A|T|G|C|A|A|A|C|A|C|G|A|C|C|A|C|A|C|A|T|+|+|+|C|G|GG,56.01662345,0.0,0.0
M333A,Hap1,-|T|T|+|G|-|C|A|A|G|C|T|A|G|G|G|C|G|C|T|G|G|T|G|A|C|G|A|C|C|T|C|G|C|A|T|G|C|A|A|A|C|A|C|G|A|C|C|A|C|A|C|A|T|+|+|+|C|G|GG,62.54090085,0.030225,0.0
M334A,Hap5,-|T|T|+|G|C|C|A|A|G|C|T|A|G|G|G|C|G|C|C|G|G|T|G|A|C|G|A|C|C|T|C|G|C|A|T|G|C|A|A|A|C|A|C|G|A|C|C|A|C|A|C|A|T|+|+|+|C|G|GG,57.45372835,0.0,0.0
M335A,Hap1,-|T|T|+|G|-|C|A|A|G|C|T|A|G|G|G|C|G|C|T|G|G|T|G|A|C|G|A|C|C|T|C|G|C|A|T|G|C|A|A|A|C|A|C|G|A|C|C|A|C|A|C|A|T|+|+|+|C|G|GG,55.60395935,0.0,0.0
M336A,Hap11,-|T|T|+|G|C|C|A|A|G|C|T|A|G|G|G|C|G|C|C|G|G|T|G|A|C|G|A|C|C|T|C|G|C|A|T|G|C|A|A|A|C|A|T|G|A|C|C|A|G|G|C|A|A|G|A|G|T|G|AG,57.2356123,0.0,0.0
M337A,Hap1,-|T|T|+|G|-|C|A|A|G|C|T|A|G|G|G|C|G|C|T|G|G|T|G|A|C|G|A|C|C|T|C|G|C|A|T|G|C|A|A|A|C|A|C|G|A|C|C|A|C|A|C|A|T|+|+|+|C|G|GG,58.41090255,0.0,0.0
M338A,Hap1,-|T|T|+|G|-|C|A|A|G|C|T|A|G|G|G|C|G|C|T|G|G|T|G|A|C|G|A|C|C|T|C|G|C|A|T|G|C|A|A|A|C|A|C|G|A|C|C|A|C|A|C|A|T|+|+|+|C|G|GG,62.0382517,0.0,0.0
M339A,Hap4,A|T|T|A|G|C|C|A|A|G|G|T|C|A|G|G|T|G|C|C|G|G|T|G|C|C|G|A|C|C|T|C|G|C|A|T|G|C|A|A|A|C|A|C|A|G|C|C|G|C|G|C|A|A|G|A|G|T|G|AG,53.8587292,0.0,0.0
M33A,Hap6,-|T|+|+|G|C|C|A|A|G|C|T|A|G|G|+|C|G|C|C|G|A|T|G|A|C|G|A|C|C|T|C|G|C|A|T|G|C|A|A|A|C|A|C|G|A|C|C|A|C|A|C|A|T|+|+|+|C|G|GG,47.93790082,0.0,0.0
M340A,Hap1,-|T|T|+|G|-|C|A|A|G|C|T|A|G|G|G|C|G|C|T|G|G|T|G|A|C|G|A|C|C|T|C|G|C|A|T|G|C|A|A|A|C|A|C|G|A|C|C|A|C|A|C|A|T|+|+|+|C|G|GG,70.4528478,0.0,0.0
M341A,Hap2,-|T|T|+|G|C|C|A|A|G|C|T|A|G|G|G|C|G|C|C|G|G|T|G|A|C|G|A|C|C|T|C|G|C|A|T|G|C|G|A|A|C|A|C|G|G|C|C|A|C|A|C|A|T|+|+|+|C|G|GG,48.02099578,0.0,0.0
M342A,Hap2,-|T|T|+|G|C|C|A|A|G|C|T|A|G|G|G|C|G|C|C|G|G|T|G|A|C|G|A|C|C|T|C|G|C|A|T|G|C|G|A|A|C|A|C|G|G|C|C|A|C|A|C|A|T|+|+|+|C|G|GG,68.90697895,0.0,0.0
M343A,Hap3,A|C|T|+|A|C|C|A|A|G|G|C|A|A|-|G|C|G|-|C|+|G|-|-|A|C|G|G|C|C|T|C|C|T|G|+|A|G|A|G|G|C|G|C|G|G|C|T|A|C|A|C|A|T|+|+|+|C|G|GG,61.95712855,0.0,0.0
M344A,Hap1,-|T|T|+|G|-|C|A|A|G|C|T|A|G|G|G|C|G|C|T|G|G|T|G|A|C|G|A|C|C|T|C|G|C|A|T|G|C|A|A|A|C|A|C|G|A|C|C|A|C|A|C|A|T|+|+|+|C|G|GG,64.89930835,0.0,0.0
M345A,Hap1,-|T|T|+|G|-|C|A|A|G|C|T|A|G|G|G|C|G|C|T|G|G|T|G|A|C|G|A|C|C|T|C|G|C|A|T|G|C|A|A|A|C|A|C|G|A|C|C|A|C|A|C|A|T|+|+|+|C|G|GG,60.00824365,0.0,0.0
M346A,Hap48,-|T|T|+|G|-|C|A|A|G|C|T|A|G|G|G|C|G|C|T|G|G|T|G|A|C|G|A|C|C|T|C|G|C|A|T|G|C|A|A|A|C|A|C|G|A|C|C|A|C|A|C|A|T|+|A|+|C|G|GG,60.14636845,0.0,0.0
M347A,Hap1,-|T|T|+|G|-|C|A|A|G|C|T|A|G|G|G|C|G|C|T|G|G|T|G|A|C|G|A|C|C|T|C|G|C|A|T|G|C|A|A|A|C|A|C|G|A|C|C|A|C|A|C|A|T|+|+|+|C|G|GG,57.73257575,0.0,0.0
M348A,Hap1,-|T|T|+|G|-|C|A|A|G|C|T|A|G|G|G|C|G|C|T|G|G|T|G|A|C|G|A|C|C|T|C|G|C|A|T|G|C|A|A|A|C|A|C|G|A|C|C|A|C|A|C|A|T|+|+|+|C|G|GG,61.93894565,0.0,0.0
M349A,Hap6,-|T|+|+|G|C|C|A|A|G|C|T|A|G|G|+|C|G|C|C|G|A|T|G|A|C|G|A|C|C|T|C|G|C|A|T|G|C|A|A|A|C|A|C|G|A|C|C|A|C|A|C|A|T|+|+|+|C|G|GG,58.2693778,0.0,0.0
M34A,Hap1,-|T|T|+|G|-|C|A|A|G|C|T|A|G|G|G|C|G|C|T|G|G|T|G|A|C|G|A|C|C|T|C|G|C|A|T|G|C|A|A|A|C|A|C|G|A|C|C|A|C|A|C|A|T|+|+|+|C|G|GG,48.33846992,0.0,0.0
M350A,Hap4,A|T|T|A|G|C|C|A|A|G|G|T|C|A|G|G|T|G|C|C|G|G|T|G|C|C|G|A|C|C|T|C|G|C|A|T|G|C|A|A|A|C|A|C|A|G|C|C|G|C|G|C|A|A|G|A|G|T|G|AG,55.0483113,0.0,0.0
M351A,Hap1,-|T|T|+|G|-|C|A|A|G|C|T|A|G|G|G|C|G|C|T|G|G|T|G|A|C|G|A|C|C|T|C|G|C|A|T|G|C|A|A|A|C|A|C|G|A|C|C|A|C|A|C|A|T|+|+|+|C|G|GG,61.09650785,0.0,0.0
M352A,Hap1,-|T|T|+|G|-|C|A|A|G|C|T|A|G|G|G|C|G|C|T|G|G|T|G|A|C|G|A|C|C|T|C|G|C|A|T|G|C|A|A|A|C|A|C|G|A|C|C|A|C|A|C|A|T|+|+|+|C|G|GG,56.7034157,0.0,0.0932032
M353A,Hap5,-|T|T|+|G|C|C|A|A|G|C|T|A|G|G|G|C|G|C|C|G|G|T|G|A|C|G|A|C|C|T|C|G|C|A|T|G|C|A|A|A|C|A|C|G|A|C|C|A|C|A|C|A|T|+|+|+|C|G|GG,64.49350605,0.0,0.0
M354A,Hap3,A|C|T|+|A|C|C|A|A|G|G|C|A|A|-|G|C|G|-|C|+|G|-|-|A|C|G|G|C|C|T|C|C|T|G|+|A|G|A|G|G|C|G|C|G|G|C|T|A|C|A|C|A|T|+|+|+|C|G|GG,56.75663585,0.0,0.0
M355A,Hap1,-|T|T|+|G|-|C|A|A|G|C|T|A|G|G|G|C|G|C|T|G|G|T|G|A|C|G|A|C|C|T|C|G|C|A|T|G|C|A|A|A|C|A|C|G|A|C|C|A|C|A|C|A|T|+|+|+|C|G|GG,57.8004423,0.0,0.0
M356A,Hap4,A|T|T|A|G|C|C|A|A|G|G|T|C|A|G|G|T|G|C|C|G|G|T|G|C|C|G|A|C|C|T|C|G|C|A|T|G|C|A|A|A|C|A|C|A|G|C|C|G|C|G|C|A|A|G|A|G|T|G|AG,62.60985265,0.0,0.0
M357A,Hap1,-|T|T|+|G|-|C|A|A|G|C|T|A|G|G|G|C|G|C|T|G|G|T|G|A|C|G|A|C|C|T|C|G|C|A|T|G|C|A|A|A|C|A|C|G|A|C|C|A|C|A|C|A|T|+|+|+|C|G|GG,65.51293715,,
M358A,Hap3,A|C|T|+|A|C|C|A|A|G|G|C|A|A|-|G|C|G|-|C|+|G|-|-|A|C|G|G|C|C|T|C|C|T|G|+|A|G|A|G|G|C|G|C|G|G|C|T|A|C|A|C|A|T|+|+|+|C|G|GG,66.088424,,
M359A,Hap4,A|T|T|A|G|C|C|A|A|G|G|T|C|A|G|G|T|G|C|C|G|G|T|G|C|C|G|A|C|C|T|C|G|C|A|T|G|C|A|A|A|C|A|C|A|G|C|C|G|C|G|C|A|A|G|A|G|T|G|AG,61.81205215,,
M35A,Hap1,-|T|T|+|G|-|C|A|A|G|C|T|A|G|G|G|C|G|C|T|G|G|T|G|A|C|G|A|C|C|T|C|G|C|A|T|G|C|A|A|A|C|A|C|G|A|C|C|A|C|A|C|A|T|+|+|+|C|G|GG,54.19444605,0.0,0.0
M360A,Hap1,-|T|T|+|G|-|C|A|A|G|C|T|A|G|G|G|C|G|C|T|G|G|T|G|A|C|G|A|C|C|T|C|G|C|A|T|G|C|A|A|A|C|A|C|G|A|C|C|A|C|A|C|A|T|+|+|+|C|G|GG,64.41193425,,
M361A,Hap4,A|T|T|A|G|C|C|A|A|G|G|T|C|A|G|G|T|G|C|C|G|G|T|G|C|C|G|A|C|C|T|C|G|C|A|T|G|C|A|A|A|C|A|C|A|G|C|C|G|C|G|C|A|A|G|A|G|T|G|AG,58.03285055,,
M362A,Hap49,A|T|T|+|G|-|C|A|A|G|C|T|A|G|G|G|C|G|C|T|G|G|T|G|A|C|G|A|C|C|T|C|G|C|A|T|G|C|A|A|A|C|A|C|G|A|C|C|A|C|A|C|A|T|+|+|+|T|G|AG,65.58727955,,
M363A,Hap1,-|T|T|+|G|-|C|A|A|G|C|T|A|G|G|G|C|G|C|T|G|G|T|G|A|C|G|A|C|C|T|C|G|C|A|T|G|C|A|A|A|C|A|C|G|A|C|C|A|C|A|C|A|T|+|+|+|C|G|GG,62.52352615,,
M364A,Hap4,A|T|T|A|G|C|C|A|A|G|G|T|C|A|G|G|T|G|C|C|G|G|T|G|C|C|G|A|C|C|T|C|G|C|A|T|G|C|A|A|A|C|A|C|A|G|C|C|G|C|G|C|A|A|G|A|G|T|G|AG,55.5593934,,
M365A,Hap1,-|T|T|+|G|-|C|A|A|G|C|T|A|G|G|G|C|G|C|T|G|G|T|G|A|C|G|A|C|C|T|C|G|C|A|T|G|C|A|A|A|C|A|C|G|A|C|C|A|C|A|C|A|T|+|+|+|C|G|GG,63.40918075,,
M366A,Hap1,-|T|T|+|G|-|C|A|A|G|C|T|A|G|G|G|C|G|C|T|G|G|T|G|A|C|G|A|C|C|T|C|G|C|A|T|G|C|A|A|A|C|A|C|G|A|C|C|A|C|A|C|A|T|+|+|+|C|G|GG,62.7821569,,
M367A,Hap4,A|T|T|A|G|C|C|A|A|G|G|T|C|A|G|G|T|G|C|C|G|G|T|G|C|C|G|A|C|C|T|C|G|C|A|T|G|C|A|A|A|C|A|C|A|G|C|C|G|C|G|C|A|A|G|A|G|T|G|AG,61.63436635,,
M368A,Hap46,A|C|T|+|A|C|C|A|A|G|G|C|A|A|-|G|C|G|-|C|+|G|-|-|A|C|G|G|C|C|T|C|G|C|A|T|G|C|A|G|G|C|G|C|G|G|C|T|A|C|A|C|A|T|+|+|+|C|G|GG,61.6957644,,
M369A,Hap1,-|T|T|+|G|-|C|A|A|G|C|T|A|G|G|G|C|G|C|T|G|G|T|G|A|C|G|A|C|C|T|C|G|C|A|T|G|C|A|A|A|C|A|C|G|A|C|C|A|C|A|C|A|T|+|+|+|C|G|GG,66.16046185,,
M36A,Hap2,-|T|T|+|G|C|C|A|A|G|C|T|A|G|G|G|C|G|C|C|G|G|T|G|A|C|G|A|C|C|T|C|G|C|A|T|G|C|G|A|A|C|A|C|G|G|C|C|A|C|A|C|A|T|+|+|+|C|G|GG,45.97482442,0.0,0.0
M370A,Hap4,A|T|T|A|G|C|C|A|A|G|G|T|C|A|G|G|T|G|C|C|G|G|T|G|C|C|G|A|C|C|T|C|G|C|A|T|G|C|A|A|A|C|A|C|A|G|C|C|G|C|G|C|A|A|G|A|G|T|G|AG,60.4197696,,
M371A,Hap1,-|T|T|+|G|-|C|A|A|G|C|T|A|G|G|G|C|G|C|T|G|G|T|G|A|C|G|A|C|C|T|C|G|C|A|T|G|C|A|A|A|C|A|C|G|A|C|C|A|C|A|C|A|T|+|+|+|C|G|GG,70.61122775,,
M372A,Hap4,A|T|T|A|G|C|C|A|A|G|G|T|C|A|G|G|T|G|C|C|G|G|T|G|C|C|G|A|C|C|T|C|G|C|A|T|G|C|A|A|A|C|A|C|A|G|C|C|G|C|G|C|A|A|G|A|G|T|G|AG,60.6205676,,
M373A,Hap3,A|C|T|+|A|C|C|A|A|G|G|C|A|A|-|G|C|G|-|C|+|G|-|-|A|C|G|G|C|C|T|C|C|T|G|+|A|G|A|G|G|C|G|C|G|G|C|T|A|C|A|C|A|T|+|+|+|C|G|GG,71.22961105,,
M374A,Hap2,-|T|T|+|G|C|C|A|A|G|C|T|A|G|G|G|C|G|C|C|G|G|T|G|A|C|G|A|C|C|T|C|G|C|A|T|G|C|G|A|A|C|A|C|G|G|C|C|A|C|A|C|A|T|+|+|+|C|G|GG,49.46331438,,
M375A,Hap5,-|T|T|+|G|C|C|A|A|G|C|T|A|G|G|G|C|G|C|C|G|G|T|G|A|C|G|A|C|C|T|C|G|C|A|T|G|C|A|A|A|C|A|C|G|A|C|C|A|C|A|C|A|T|+|+|+|C|G|GG,65.2906037,,
M376A,Hap2,-|T|T|+|G|C|C|A|A|G|C|T|A|G|G|G|C|G|C|C|G|G|T|G|A|C|G|A|C|C|T|C|G|C|A|T|G|C|G|A|A|C|A|C|G|G|C|C|A|C|A|C|A|T|+|+|+|C|G|GG,64.37553765,,
M377A,Hap3,A|C|T|+|A|C|C|A|A|G|G|C|A|A|-|G|C|G|-|C|+|G|-|-|A|C|G|G|C|C|T|C|C|T|G|+|A|G|A|G|G|C|G|C|G|G|C|T|A|C|A|C|A|T|+|+|+|C|G|GG,70.1175735,,
M378A,Hap7,A|T|T|A|G|C|C|A|A|G|G|T|C|G|G|G|T|G|C|C|G|G|T|G|C|C|G|A|C|C|T|C|G|C|A|T|G|C|A|A|A|C|A|C|G|G|T|C|A|C|A|C|A|T|+|+|+|C|G|GG,55.7795476,,
M379A,Hap1,-|T|T|+|G|-|C|A|A|G|C|T|A|G|G|G|C|G|C|T|G|G|T|G|A|C|G|A|C|C|T|C|G|C|A|T|G|C|A|A|A|C|A|C|G|A|C|C|A|C|A|C|A|T|+|+|+|C|G|GG,84.0944553,,
M37A,Hap5,-|T|T|+|G|C|C|A|A|G|C|T|A|G|G|G|C|G|C|C|G|G|T|G|A|C|G|A|C|C|T|C|G|C|A|T|G|C|A|A|A|C|A|C|G|A|C|C|A|C|A|C|A|T|+|+|+|C|G|GG,48.83419534,0.0,0.0
M380A,Hap1,-|T|T|+|G|-|C|A|A|G|C|T|A|G|G|G|C|G|C|T|G|G|T|G|A|C|G|A|C|C|T|C|G|C|A|T|G|C|A|A|A|C|A|C|G|A|C|C|A|C|A|C|A|T|+|+|+|C|G|GG,71.1937864,,
M381A,Hap5,-|T|T|+|G|C|C|A|A|G|C|T|A|G|G|G|C|G|C|C|G|G|T|G|A|C|G|A|C|C|T|C|G|C|A|T|G|C|A|A|A|C|A|C|G|A|C|C|A|C|A|C|A|T|+|+|+|C|G|GG,64.1476712,,
M382A,Hap1,-|T|T|+|G|-|C|A|A|G|C|T|A|G|G|G|C|G|C|T|G|G|T|G|A|C|G|A|C|C|T|C|G|C|A|T|G|C|A|A|A|C|A|C|G|A|C|C|A|C|A|C|A|T|+|+|+|C|G|GG,67.8611627,,
M383A,Hap13,A|T|T|+|G|C|+|A|A|G|G|C|A|A|G|G|C|G|C|C|+|G|-|G|A|C|T|A|T|T|T|C|G|C|A|T|G|C|A|A|A|C|A|C|G|G|C|C|A|C|G|T|A|A|G|A|G|T|G|AG,49.78395467,,
M384A,Hap8,-|T|T|+|G|C|C|A|A|G|C|T|A|G|G|G|C|G|C|C|G|G|T|G|A|C|G|A|C|C|T|C|G|C|A|T|G|C|A|A|A|C|A|C|G|A|C|C|A|C|A|C|C|T|+|+|+|C|G|GG,58.4622701,,
M385A,Hap10,-|T|T|+|G|C|C|A|A|G|C|T|A|G|G|G|C|G|C|C|G|G|T|G|A|T|G|A|C|C|T|C|G|C|A|T|G|C|A|A|A|C|A|C|G|A|C|C|A|C|A|C|A|T|+|+|+|C|G|GG,62.7951306,,
M386A,Hap4,A|T|T|A|G|C|C|A|A|G|G|T|C|A|G|G|T|G|C|C|G|G|T|G|C|C|G|A|C|C|T|C|G|C|A|T|G|C|A|A|A|C|A|C|A|G|C|C|G|C|G|C|A|A|G|A|G|T|G|AG,62.0991597,,
M387A,Hap4,A|T|T|A|G|C|C|A|A|G|G|T|C|A|G|G|T|G|C|C|G|G|T|G|C|C|G|A|C|C|T|C|G|C|A|T|G|C|A|A|A|C|A|C|A|G|C|C|G|C|G|C|A|A|G|A|G|T|G|AG,54.6955654,,
M388A,Hap10,-|T|T|+|G|C|C|A|A|G|C|T|A|G|G|G|C|G|C|C|G|G|T|G|A|T|G|A|C|C|T|C|G|C|A|T|G|C|A|A|A|C|A|C|G|A|C|C|A|C|A|C|A|T|+|+|+|C|G|GG,55.5402569,,
M389A,Hap2,-|T|T|+|G|C|C|A|A|G|C|T|A|G|G|G|C|G|C|C|G|G|T|G|A|C|G|A|C|C|T|C|G|C|A|T|G|C|G|A|A|C|A|C|G|G|C|C|A|C|A|C|A|T|+|+|+|C|G|GG,53.31223325,,
M38A,Hap10,-|T|T|+|G|C|C|A|A|G|C|T|A|G|G|G|C|G|C|C|G|G|T|G|A|T|G|A|C|C|T|C|G|C|A|T|G|C|A|A|A|C|A|C|G|A|C|C|A|C|A|C|A|T|+|+|+|C|G|GG,50.7811195,0.0,0.0
M390A,Hap44,A|T|T|+|G|C|C|A|A|G|C|T|A|A|G|G|C|G|C|C|G|G|T|G|A|C|G|A|C|C|T|C|G|C|A|T|G|C|A|G|A|C|A|C|G|G|C|C|A|C|A|C|A|T|+|+|+|C|G|GG,58.41770665,,
M391A,Hap4,A|T|T|A|G|C|C|A|A|G|G|T|C|A|G|G|T|G|C|C|G|G|T|G|C|C|G|A|C|C|T|C|G|C|A|T|G|C|A|A|A|C|A|C|A|G|C|C|G|C|G|C|A|A|G|A|G|T|G|AG,53.17185635,,
M392A,Hap2,-|T|T|+|G|C|C|A|A|G|C|T|A|G|G|G|C|G|C|C|G|G|T|G|A|C|G|A|C|C|T|C|G|C|A|T|G|C|G|A|A|C|A|C|G|G|C|C|A|C|A|C|A|T|+|+|+|C|G|GG,54.07852135,,
M393A,Hap1,-|T|T|+|G|-|C|A|A|G|C|T|A|G|G|G|C|G|C|T|G|G|T|G|A|C|G|A|C|C|T|C|G|C|A|T|G|C|A|A|A|C|A|C|G|A|C|C|A|C|A|C|A|T|+|+|+|C|G|GG,57.17010855,,
M394A,Hap11,-|T|T|+|G|C|C|A|A|G|C|T|A|G|G|G|C|G|C|C|G|G|T|G|A|C|G|A|C|C|T|C|G|C|A|T|G|C|A|A|A|C|A|T|G|A|C|C|A|G|G|C|A|A|G|A|G|T|G|AG,58.11902995,,
M395A,Hap3,A|C|T|+|A|C|C|A|A|G|G|C|A|A|-|G|C|G|-|C|+|G|-|-|A|C|G|G|C|C|T|C|C|T|G|+|A|G|A|G|G|C|G|C|G|G|C|T|A|C|A|C|A|T|+|+|+|C|G|GG,54.2508216,,
M396A,Hap6,-|T|+|+|G|C|C|A|A|G|C|T|A|G|G|+|C|G|C|C|G|A|T|G|A|C|G|A|C|C|T|C|G|C|A|T|G|C|A|A|A|C|A|C|G|A|C|C|A|C|A|C|A|T|+|+|+|C|G|GG,50.08745015,,
M397A,Hap1,-|T|T|+|G|-|C|A|A|G|C|T|A|G|G|G|C|G|C|T|G|G|T|G|A|C|G|A|C|C|T|C|G|C|A|T|G|C|A|A|A|C|A|C|G|A|C|C|A|C|A|C|A|T|+|+|+|C|G|GG,57.4263092,,
M398A,Hap1,-|T|T|+|G|-|C|A|A|G|C|T|A|G|G|G|C|G|C|T|G|G|T|G|A|C|G|A|C|C|T|C|G|C|A|T|G|C|A|A|A|C|A|C|G|A|C|C|A|C|A|C|A|T|+|+|+|C|G|GG,54.26511495,,
M399A,Hap12,-|T|T|+|G|-|C|A|A|G|G|T|A|G|G|G|C|G|C|T|G|G|T|G|A|C|G|A|C|C|T|C|G|C|A|T|G|C|A|A|A|C|A|C|G|A|C|C|A|C|A|C|A|T|+|+|+|C|G|GG,51.5351169,,
M39A,Hap10,-|T|T|+|G|C|C|A|A|G|C|T|A|G|G|G|C|G|C|C|G|G|T|G|A|T|G|A|C|C|T|C|G|C|A|T|G|C|A|A|A|C|A|C|G|A|C|C|A|C|A|C|A|T|+|+|+|C|G|GG,54.1324907,0.0,0.0
M400A,Hap1,-|T|T|+|G|-|C|A|A|G|C|T|A|G|G|G|C|G|C|T|G|G|T|G|A|C|G|A|C|C|T|C|G|C|A|T|G|C|A|A|A|C|A|C|G|A|C|C|A|C|A|C|A|T|+|+|+|C|G|GG,62.4294433,,
M401A,Hap1,-|T|T|+|G|-|C|A|A|G|C|T|A|G|G|G|C|G|C|T|G|G|T|G|A|C|G|A|C|C|T|C|G|C|A|T|G|C|A|A|A|C|A|C|G|A|C|C|A|C|A|C|A|T|+|+|+|C|G|GG,55.9212641,,
M402A,Hap3,A|C|T|+|A|C|C|A|A|G|G|C|A|A|-|G|C|G|-|C|+|G|-|-|A|C|G|G|C|C|T|C|C|T|G|+|A|G|A|G|G|C|G|C|G|G|C|T|A|C|A|C|A|T|+|+|+|C|G|GG,52.18675885,,
M403A,Hap1,-|T|T|+|G|-|C|A|A|G|C|T|A|G|G|G|C|G|C|T|G|G|T|G|A|C|G|A|C|C|T|C|G|C|A|T|G|C|A|A|A|C|A|C|G|A|C|C|A|C|A|C|A|T|+|+|+|C|G|GG,55.2328605,,
M404A,Hap1,-|T|T|+|G|-|C|A|A|G|C|T|A|G|G|G|C|G|C|T|G|G|T|G|A|C|G|A|C|C|T|C|G|C|A|T|G|C|A|A|A|C|A|C|G|A|C|C|A|C|A|C|A|T|+|+|+|C|G|GG,61.63258535,,
M405A,Hap4,A|T|T|A|G|C|C|A|A|G|G|T|C|A|G|G|T|G|C|C|G|G|T|G|C|C|G|A|C|C|T|C|G|C|A|T|G|C|A|A|A|C|A|C|A|G|C|C|G|C|G|C|A|A|G|A|G|T|G|AG,50.63436295,,
M406A,Hap4,A|T|T|A|G|C|C|A|A|G|G|T|C|A|G|G|T|G|C|C|G|G|T|G|C|C|G|A|C|C|T|C|G|C|A|T|G|C|A|A|A|C|A|C|A|G|C|C|G|C|G|C|A|A|G|A|G|T|G|AG,48.07573661,,
M407A,Hap1,-|T|T|+|G|-|C|A|A|G|C|T|A|G|G|G|C|G|C|T|G|G|T|G|A|C|G|A|C|C|T|C|G|C|A|T|G|C|A|A|A|C|A|C|G|A|C|C|A|C|A|C|A|T|+|+|+|C|G|GG,53.51721925,,
M408A,Hap1,-|T|T|+|G|-|C|A|A|G|C|T|A|G|G|G|C|G|C|T|G|G|T|G|A|C|G|A|C|C|T|C|G|C|A|T|G|C|A|A|A|C|A|C|G|A|C|C|A|C|A|C|A|T|+|+|+|C|G|GG,55.67254015,,
M409A,Hap1,-|T|T|+|G|-|C|A|A|G|C|T|A|G|G|G|C|G|C|T|G|G|T|G|A|C|G|A|C|C|T|C|G|C|A|T|G|C|A|A|A|C|A|C|G|A|C|C|A|C|A|C|A|T|+|+|+|C|G|GG,53.29090645,,
M40A,Hap4,A|T|T|A|G|C|C|A|A|G|G|T|C|A|G|G|T|G|C|C|G|G|T|G|C|C|G|A|C|C|T|C|G|C|A|T|G|C|A|A|A|C|A|C|A|G|C|C|G|C|G|C|A|A|G|A|G|T|G|AG,54.5578576,0.0,0.0
M410A,Hap1,-|T|T|+|G|-|C|A|A|G|C|T|A|G|G|G|C|G|C|T|G|G|T|G|A|C|G|A|C|C|T|C|G|C|A|T|G|C|A|A|A|C|A|C|G|A|C|C|A|C|A|C|A|T|+|+|+|C|G|GG,53.4389802,,
M411A,Hap1,-|T|T|+|G|-|C|A|A|G|C|T|A|G|G|G|C|G|C|T|G|G|T|G|A|C|G|A|C|C|T|C|G|C|A|T|G|C|A|A|A|C|A|C|G|A|C|C|A|C|A|C|A|T|+|+|+|C|G|GG,60.83438325,,
M412A,Hap2,-|T|T|+|G|C|C|A|A|G|C|T|A|G|G|G|C|G|C|C|G|G|T|G|A|C|G|A|C|C|T|C|G|C|A|T|G|C|G|A|A|C|A|C|G|G|C|C|A|C|A|C|A|T|+|+|+|C|G|GG,53.5318943,,
M413A,Hap1,-|T|T|+|G|-|C|A|A|G|C|T|A|G|G|G|C|G|C|T|G|G|T|G|A|C|G|A|C|C|T|C|G|C|A|T|G|C|A|A|A|C|A|C|G|A|C|C|A|C|A|C|A|T|+|+|+|C|G|GG,62.45377485,,
M414A,Hap1,-|T|T|+|G|-|C|A|A|G|C|T|A|G|G|G|C|G|C|T|G|G|T|G|A|C|G|A|C|C|T|C|G|C|A|T|G|C|A|A|A|C|A|C|G|A|C|C|A|C|A|C|A|T|+|+|+|C|G|GG,56.60221375,,
M415A,Hap1,-|T|T|+|G|-|C|A|A|G|C|T|A|G|G|G|C|G|C|T|G|G|T|G|A|C|G|A|C|C|T|C|G|C|A|T|G|C|A|A|A|C|A|C|G|A|C|C|A|C|A|C|A|T|+|+|+|C|G|GG,55.54537775,,
M416A,Hap1,-|T|T|+|G|-|C|A|A|G|C|T|A|G|G|G|C|G|C|T|G|G|T|G|A|C|G|A|C|C|T|C|G|C|A|T|G|C|A|A|A|C|A|C|G|A|C|C|A|C|A|C|A|T|+|+|+|C|G|GG,67.4996893,,
M417A,Hap1,-|T|T|+|G|-|C|A|A|G|C|T|A|G|G|G|C|G|C|T|G|G|T|G|A|C|G|A|C|C|T|C|G|C|A|T|G|C|A|A|A|C|A|C|G|A|C|C|A|C|A|C|A|T|+|+|+|C|G|GG,57.1288748,,
M418A,Hap6,-|T|+|+|G|C|C|A|A|G|C|T|A|G|G|+|C|G|C|C|G|A|T|G|A|C|G|A|C|C|T|C|G|C|A|T|G|C|A|A|A|C|A|C|G|A|C|C|A|C|A|C|A|T|+|+|+|C|G|GG,52.0636544,,
M419A,Hap1,-|T|T|+|G|-|C|A|A|G|C|T|A|G|G|G|C|G|C|T|G|G|T|G|A|C|G|A|C|C|T|C|G|C|A|T|G|C|A|A|A|C|A|C|G|A|C|C|A|C|A|C|A|T|+|+|+|C|G|GG,50.05435475,,
M41A,Hap45,-|T|+|+|G|C|C|A|A|G|C|T|A|G|G|+|C|G|C|C|G|A|T|G|A|C|G|A|C|C|T|C|G|C|A|T|G|C|A|A|A|C|A|C|G|A|C|C|A|C|A|C|A|T|+|+|+|C|G|AG,62.18054275,0.0,0.0
M420A,Hap1,-|T|T|+|G|-|C|A|A|G|C|T|A|G|G|G|C|G|C|T|G|G|T|G|A|C|G|A|C|C|T|C|G|C|A|T|G|C|A|A|A|C|A|C|G|A|C|C|A|C|A|C|A|T|+|+|+|C|G|GG,58.21517115,,
M421A,Hap6,-|T|+|+|G|C|C|A|A|G|C|T|A|G|G|+|C|G|C|C|G|A|T|G|A|C|G|A|C|C|T|C|G|C|A|T|G|C|A|A|A|C|A|C|G|A|C|C|A|C|A|C|A|T|+|+|+|C|G|GG,56.52190185,,
M422A,Hap1,-|T|T|+|G|-|C|A|A|G|C|T|A|G|G|G|C|G|C|T|G|G|T|G|A|C|G|A|C|C|T|C|G|C|A|T|G|C|A|A|A|C|A|C|G|A|C|C|A|C|A|C|A|T|+|+|+|C|G|GG,51.5796262,,
M423A,Hap1,-|T|T|+|G|-|C|A|A|G|C|T|A|G|G|G|C|G|C|T|G|G|T|G|A|C|G|A|C|C|T|C|G|C|A|T|G|C|A|A|A|C|A|C|G|A|C|C|A|C|A|C|A|T|+|+|+|C|G|GG,59.2197311,,
M424A,Hap1,-|T|T|+|G|-|C|A|A|G|C|T|A|G|G|G|C|G|C|T|G|G|T|G|A|C|G|A|C|C|T|C|G|C|A|T|G|C|A|A|A|C|A|C|G|A|C|C|A|C|A|C|A|T|+|+|+|C|G|GG,61.3120911,,
M425A,Hap1,-|T|T|+|G|-|C|A|A|G|C|T|A|G|G|G|C|G|C|T|G|G|T|G|A|C|G|A|C|C|T|C|G|C|A|T|G|C|A|A|A|C|A|C|G|A|C|C|A|C|A|C|A|T|+|+|+|C|G|GG,62.18783635,,
M426A,Hap1,-|T|T|+|G|-|C|A|A|G|C|T|A|G|G|G|C|G|C|T|G|G|T|G|A|C|G|A|C|C|T|C|G|C|A|T|G|C|A|A|A|C|A|C|G|A|C|C|A|C|A|C|A|T|+|+|+|C|G|GG,60.05012775,,
M427A,Hap1,-|T|T|+|G|-|C|A|A|G|C|T|A|G|G|G|C|G|C|T|G|G|T|G|A|C|G|A|C|C|T|C|G|C|A|T|G|C|A|A|A|C|A|C|G|A|C|C|A|C|A|C|A|T|+|+|+|C|G|GG,60.4547768,,
M428A,Hap1,-|T|T|+|G|-|C|A|A|G|C|T|A|G|G|G|C|G|C|T|G|G|T|G|A|C|G|A|C|C|T|C|G|C|A|T|G|C|A|A|A|C|A|C|G|A|C|C|A|C|A|C|A|T|+|+|+|C|G|GG,53.56453705,,
M429A,Hap1,-|T|T|+|G|-|C|A|A|G|C|T|A|G|G|G|C|G|C|T|G|G|T|G|A|C|G|A|C|C|T|C|G|C|A|T|G|C|A|A|A|C|A|C|G|A|C|C|A|C|A|C|A|T|+|+|+|C|G|GG,64.57776465,,
M42A,Hap2,-|T|T|+|G|C|C|A|A|G|C|T|A|G|G|G|C|G|C|C|G|G|T|G|A|C|G|A|C|C|T|C|G|C|A|T|G|C|G|A|A|C|A|C|G|G|C|C|A|C|A|C|A|T|+|+|+|C|G|GG,54.7904378,0.0,0.0
M430A,Hap1,-|T|T|+|G|-|C|A|A|G|C|T|A|G|G|G|C|G|C|T|G|G|T|G|A|C|G|A|C|C|T|C|G|C|A|T|G|C|A|A|A|C|A|C|G|A|C|C|A|C|A|C|A|T|+|+|+|C|G|GG,62.36915975,,
M431A,Hap1,-|T|T|+|G|-|C|A|A|G|C|T|A|G|G|G|C|G|C|T|G|G|T|G|A|C|G|A|C|C|T|C|G|C|A|T|G|C|A|A|A|C|A|C|G|A|C|C|A|C|A|C|A|T|+|+|+|C|G|GG,56.9884952,,
M432A,Hap1,-|T|T|+|G|-|C|A|A|G|C|T|A|G|G|G|C|G|C|T|G|G|T|G|A|C|G|A|C|C|T|C|G|C|A|T|G|C|A|A|A|C|A|C|G|A|C|C|A|C|A|C|A|T|+|+|+|C|G|GG,51.9166346,,
M433A,Hap1,-|T|T|+|G|-|C|A|A|G|C|T|A|G|G|G|C|G|C|T|G|G|T|G|A|C|G|A|C|C|T|C|G|C|A|T|G|C|A|A|A|C|A|C|G|A|C|C|A|C|A|C|A|T|+|+|+|C|G|GG,48.9374265,,
M434A,Hap1,-|T|T|+|G|-|C|A|A|G|C|T|A|G|G|G|C|G|C|T|G|G|T|G|A|C|G|A|C|C|T|C|G|C|A|T|G|C|A|A|A|C|A|C|G|A|C|C|A|C|A|C|A|T|+|+|+|C|G|GG,55.5674347,,
M435A,Hap1,-|T|T|+|G|-|C|A|A|G|C|T|A|G|G|G|C|G|C|T|G|G|T|G|A|C|G|A|C|C|T|C|G|C|A|T|G|C|A|A|A|C|A|C|G|A|C|C|A|C|A|C|A|T|+|+|+|C|G|GG,55.76244395,,
M436A,Hap1,-|T|T|+|G|-|C|A|A|G|C|T|A|G|G|G|C|G|C|T|G|G|T|G|A|C|G|A|C|C|T|C|G|C|A|T|G|C|A|A|A|C|A|C|G|A|C|C|A|C|A|C|A|T|+|+|+|C|G|GG,48.27638161,,
M437A,Hap1,-|T|T|+|G|-|C|A|A|G|C|T|A|G|G|G|C|G|C|T|G|G|T|G|A|C|G|A|C|C|T|C|G|C|A|T|G|C|A|A|A|C|A|C|G|A|C|C|A|C|A|C|A|T|+|+|+|C|G|GG,49.64410875,,
M438A,Hap1,-|T|T|+|G|-|C|A|A|G|C|T|A|G|G|G|C|G|C|T|G|G|T|G|A|C|G|A|C|C|T|C|G|C|A|T|G|C|A|A|A|C|A|C|G|A|C|C|A|C|A|C|A|T|+|+|+|C|G|GG,52.2787188,,
M439A,Hap19,A|T|T|+|A|C|C|A|A|G|G|C|A|A|-|G|C|G|-|C|+|G|-|-|A|C|G|G|C|C|T|C|C|T|G|+|A|G|A|G|G|C|G|C|G|G|C|T|A|C|A|C|A|T|+|+|+|C|G|GG,51.96707475,,
M43A,Hap10,-|T|T|+|G|C|C|A|A|G|C|T|A|G|G|G|C|G|C|C|G|G|T|G|A|T|G|A|C|C|T|C|G|C|A|T|G|C|A|A|A|C|A|C|G|A|C|C|A|C|A|C|A|T|+|+|+|C|G|GG,42.99483179,0.0,0.0
M440A,Hap3,A|C|T|+|A|C|C|A|A|G|G|C|A|A|-|G|C|G|-|C|+|G|-|-|A|C|G|G|C|C|T|C|C|T|G|+|A|G|A|G|G|C|G|C|G|G|C|T|A|C|A|C|A|T|+|+|+|C|G|GG,48.93783866,,
M441A,Hap19,A|T|T|+|A|C|C|A|A|G|G|C|A|A|-|G|C|G|-|C|+|G|-|-|A|C|G|G|C|C|T|C|C|T|G|+|A|G|A|G|G|C|G|C|G|G|C|T|A|C|A|C|A|T|+|+|+|C|G|GG,53.15127755,,
M442A,Hap1,-|T|T|+|G|-|C|A|A|G|C|T|A|G|G|G|C|G|C|T|G|G|T|G|A|C|G|A|C|C|T|C|G|C|A|T|G|C|A|A|A|C|A|C|G|A|C|C|A|C|A|C|A|T|+|+|+|C|G|GG,45.95834435,,
M443A,Hap6,-|T|+|+|G|C|C|A|A|G|C|T|A|G|G|+|C|G|C|C|G|A|T|G|A|C|G|A|C|C|T|C|G|C|A|T|G|C|A|A|A|C|A|C|G|A|C|C|A|C|A|C|A|T|+|+|+|C|G|GG,51.1456846,,
M444A,Hap1,-|T|T|+|G|-|C|A|A|G|C|T|A|G|G|G|C|G|C|T|G|G|T|G|A|C|G|A|C|C|T|C|G|C|A|T|G|C|A|A|A|C|A|C|G|A|C|C|A|C|A|C|A|T|+|+|+|C|G|GG,62.01382145,,
M445A,Hap1,-|T|T|+|G|-|C|A|A|G|C|T|A|G|G|G|C|G|C|T|G|G|T|G|A|C|G|A|C|C|T|C|G|C|A|T|G|C|A|A|A|C|A|C|G|A|C|C|A|C|A|C|A|T|+|+|+|C|G|GG,50.7590767,,
M446A,Hap1,-|T|T|+|G|-|C|A|A|G|C|T|A|G|G|G|C|G|C|T|G|G|T|G|A|C|G|A|C|C|T|C|G|C|A|T|G|C|A|A|A|C|A|C|G|A|C|C|A|C|A|C|A|T|+|+|+|C|G|GG,56.9593405,,
M447A,Hap6,-|T|+|+|G|C|C|A|A|G|C|T|A|G|G|+|C|G|C|C|G|A|T|G|A|C|G|A|C|C|T|C|G|C|A|T|G|C|A|A|A|C|A|C|G|A|C|C|A|C|A|C|A|T|+|+|+|C|G|GG,49.57225203,,
M448A,Hap2,-|T|T|+|G|C|C|A|A|G|C|T|A|G|G|G|C|G|C|C|G|G|T|G|A|C|G|A|C|C|T|C|G|C|A|T|G|C|G|A|A|C|A|C|G|G|C|C|A|C|A|C|A|T|+|+|+|C|G|GG,50.69069305,,
M449A,Hap1,-|T|T|+|G|-|C|A|A|G|C|T|A|G|G|G|C|G|C|T|G|G|T|G|A|C|G|A|C|C|T|C|G|C|A|T|G|C|A|A|A|C|A|C|G|A|C|C|A|C|A|C|A|T|+|+|+|C|G|GG,51.40770675,,
M44A,Hap1,-|T|T|+|G|-|C|A|A|G|C|T|A|G|G|G|C|G|C|T|G|G|T|G|A|C|G|A|C|C|T|C|G|C|A|T|G|C|A|A|A|C|A|C|G|A|C|C|A|C|A|C|A|T|+|+|+|C|G|GG,52.6399984,0.0,0.0
M450A,Hap1,-|T|T|+|G|-|C|A|A|G|C|T|A|G|G|G|C|G|C|T|G|G|T|G|A|C|G|A|C|C|T|C|G|C|A|T|G|C|A|A|A|C|A|C|G|A|C|C|A|C|A|C|A|T|+|+|+|C|G|GG,49.32047874,,
M451A,Hap1,-|T|T|+|G|-|C|A|A|G|C|T|A|G|G|G|C|G|C|T|G|G|T|G|A|C|G|A|C|C|T|C|G|C|A|T|G|C|A|A|A|C|A|C|G|A|C|C|A|C|A|C|A|T|+|+|+|C|G|GG,53.6302285,,
M452A,Hap2,-|T|T|+|G|C|C|A|A|G|C|T|A|G|G|G|C|G|C|C|G|G|T|G|A|C|G|A|C|C|T|C|G|C|A|T|G|C|G|A|A|C|A|C|G|G|C|C|A|C|A|C|A|T|+|+|+|C|G|GG,54.5710514,,
M453A,Hap1,-|T|T|+|G|-|C|A|A|G|C|T|A|G|G|G|C|G|C|T|G|G|T|G|A|C|G|A|C|C|T|C|G|C|A|T|G|C|A|A|A|C|A|C|G|A|C|C|A|C|A|C|A|T|+|+|+|C|G|GG,53.8877834,,
M454A,Hap1,-|T|T|+|G|-|C|A|A|G|C|T|A|G|G|G|C|G|C|T|G|G|T|G|A|C|G|A|C|C|T|C|G|C|A|T|G|C|A|A|A|C|A|C|G|A|C|C|A|C|A|C|A|T|+|+|+|C|G|GG,59.91360295,,
M455A,Hap12,-|T|T|+|G|-|C|A|A|G|G|T|A|G|G|G|C|G|C|T|G|G|T|G|A|C|G|A|C|C|T|C|G|C|A|T|G|C|A|A|A|C|A|C|G|A|C|C|A|C|A|C|A|T|+|+|+|C|G|GG,58.44171235,,
M456A,Hap6,-|T|+|+|G|C|C|A|A|G|C|T|A|G|G|+|C|G|C|C|G|A|T|G|A|C|G|A|C|C|T|C|G|C|A|T|G|C|A|A|A|C|A|C|G|A|C|C|A|C|A|C|A|T|+|+|+|C|G|GG,59.2125844,,
M457A,Hap12,-|T|T|+|G|-|C|A|A|G|G|T|A|G|G|G|C|G|C|T|G|G|T|G|A|C|G|A|C|C|T|C|G|C|A|T|G|C|A|A|A|C|A|C|G|A|C|C|A|C|A|C|A|T|+|+|+|C|G|GG,60.1414308,,
M458A,Hap1,-|T|T|+|G|-|C|A|A|G|C|T|A|G|G|G|C|G|C|T|G|G|T|G|A|C|G|A|C|C|T|C|G|C|A|T|G|C|A|A|A|C|A|C|G|A|C|C|A|C|A|C|A|T|+|+|+|C|G|GG,60.01506335,,
M459A,Hap1,-|T|T|+|G|-|C|A|A|G|C|T|A|G|G|G|C|G|C|T|G|G|T|G|A|C|G|A|C|C|T|C|G|C|A|T|G|C|A|A|A|C|A|C|G|A|C|C|A|C|A|C|A|T|+|+|+|C|G|GG,58.350176,,
M45A,Hap1,-|T|T|+|G|-|C|A|A|G|C|T|A|G|G|G|C|G|C|T|G|G|T|G|A|C|G|A|C|C|T|C|G|C|A|T|G|C|A|A|A|C|A|C|G|A|C|C|A|C|A|C|A|T|+|+|+|C|G|GG,55.8282163,0.0,0.0
M460A,Hap1,-|T|T|+|G|-|C|A|A|G|C|T|A|G|G|G|C|G|C|T|G|G|T|G|A|C|G|A|C|C|T|C|G|C|A|T|G|C|A|A|A|C|A|C|G|A|C|C|A|C|A|C|A|T|+|+|+|C|G|GG,54.8666231,,
M461A,Hap1,-|T|T|+|G|-|C|A|A|G|C|T|A|G|G|G|C|G|C|T|G|G|T|G|A|C|G|A|C|C|T|C|G|C|A|T|G|C|A|A|A|C|A|C|G|A|C|C|A|C|A|C|A|T|+|+|+|C|G|GG,50.942347,,
M462A,Hap6,-|T|+|+|G|C|C|A|A|G|C|T|A|G|G|+|C|G|C|C|G|A|T|G|A|C|G|A|C|C|T|C|G|C|A|T|G|C|A|A|A|C|A|C|G|A|C|C|A|C|A|C|A|T|+|+|+|C|G|GG,50.4724461,,
M463A,Hap12,-|T|T|+|G|-|C|A|A|G|G|T|A|G|G|G|C|G|C|T|G|G|T|G|A|C|G|A|C|C|T|C|G|C|A|T|G|C|A|A|A|C|A|C|G|A|C|C|A|C|A|C|A|T|+|+|+|C|G|GG,54.49799375,,
M464A,Hap1,-|T|T|+|G|-|C|A|A|G|C|T|A|G|G|G|C|G|C|T|G|G|T|G|A|C|G|A|C|C|T|C|G|C|A|T|G|C|A|A|A|C|A|C|G|A|C|C|A|C|A|C|A|T|+|+|+|C|G|GG,58.7363289,,
M465A,Hap1,-|T|T|+|G|-|C|A|A|G|C|T|A|G|G|G|C|G|C|T|G|G|T|G|A|C|G|A|C|C|T|C|G|C|A|T|G|C|A|A|A|C|A|C|G|A|C|C|A|C|A|C|A|T|+|+|+|C|G|GG,56.1241175,,
M466A,Hap2,-|T|T|+|G|C|C|A|A|G|C|T|A|G|G|G|C|G|C|C|G|G|T|G|A|C|G|A|C|C|T|C|G|C|A|T|G|C|G|A|A|C|A|C|G|G|C|C|A|C|A|C|A|T|+|+|+|C|G|GG,52.15832545,,
M467A,Hap6,-|T|+|+|G|C|C|A|A|G|C|T|A|G|G|+|C|G|C|C|G|A|T|G|A|C|G|A|C|C|T|C|G|C|A|T|G|C|A|A|A|C|A|C|G|A|C|C|A|C|A|C|A|T|+|+|+|C|G|GG,55.98175765,,
M468A,Hap6,-|T|+|+|G|C|C|A|A|G|C|T|A|G|G|+|C|G|C|C|G|A|T|G|A|C|G|A|C|C|T|C|G|C|A|T|G|C|A|A|A|C|A|C|G|A|C|C|A|C|A|C|A|T|+|+|+|C|G|GG,59.36346065,,
M469A,Hap2,-|T|T|+|G|C|C|A|A|G|C|T|A|G|G|G|C|G|C|C|G|G|T|G|A|C|G|A|C|C|T|C|G|C|A|T|G|C|G|A|A|C|A|C|G|G|C|C|A|C|A|C|A|T|+|+|+|C|G|GG,53.00378795,,
M46A,Hap1,-|T|T|+|G|-|C|A|A|G|C|T|A|G|G|G|C|G|C|T|G|G|T|G|A|C|G|A|C|C|T|C|G|C|A|T|G|C|A|A|A|C|A|C|G|A|C|C|A|C|A|C|A|T|+|+|+|C|G|GG,54.79961855,0.0,0.0
M470A,Hap1,-|T|T|+|G|-|C|A|A|G|C|T|A|G|G|G|C|G|C|T|G|G|T|G|A|C|G|A|C|C|T|C|G|C|A|T|G|C|A|A|A|C|A|C|G|A|C|C|A|C|A|C|A|T|+|+|+|C|G|GG,50.1121869,,
M471A,Hap1,-|T|T|+|G|-|C|A|A|G|C|T|A|G|G|G|C|G|C|T|G|G|T|G|A|C|G|A|C|C|T|C|G|C|A|T|G|C|A|A|A|C|A|C|G|A|C|C|A|C|A|C|A|T|+|+|+|C|G|GG,50.6303603,,
M472A,Hap6,-|T|+|+|G|C|C|A|A|G|C|T|A|G|G|+|C|G|C|C|G|A|T|G|A|C|G|A|C|C|T|C|G|C|A|T|G|C|A|A|A|C|A|C|G|A|C|C|A|C|A|C|A|T|+|+|+|C|G|GG,48.88192379,,
M473A,Hap1,-|T|T|+|G|-|C|A|A|G|C|T|A|G|G|G|C|G|C|T|G|G|T|G|A|C|G|A|C|C|T|C|G|C|A|T|G|C|A|A|A|C|A|C|G|A|C|C|A|C|A|C|A|T|+|+|+|C|G|GG,53.52086205,,
M474A,Hap43,-|T|+|+|G|C|C|A|A|G|G|T|A|G|G|+|C|G|C|C|G|A|T|G|A|C|G|A|C|C|T|C|G|C|A|T|G|C|A|A|A|C|A|C|G|A|C|C|A|C|A|C|A|T|+|+|+|C|G|GG,48.48639365,,
M475A,Hap2,-|T|T|+|G|C|C|A|A|G|C|T|A|G|G|G|C|G|C|C|G|G|T|G|A|C|G|A|C|C|T|C|G|C|A|T|G|C|G|A|A|C|A|C|G|G|C|C|A|C|A|C|A|T|+|+|+|C|G|GG,46.30040879,,
M476A,Hap12,-|T|T|+|G|-|C|A|A|G|G|T|A|G|G|G|C|G|C|T|G|G|T|G|A|C|G|A|C|C|T|C|G|C|A|T|G|C|A|A|A|C|A|C|G|A|C|C|A|C|A|C|A|T|+|+|+|C|G|GG,53.09677845,,
M477A,Hap6,-|T|+|+|G|C|C|A|A|G|C|T|A|G|G|+|C|G|C|C|G|A|T|G|A|C|G|A|C|C|T|C|G|C|A|T|G|C|A|A|A|C|A|C|G|A|C|C|A|C|A|C|A|T|+|+|+|C|G|GG,54.6320763,,
M478A,Hap1,-|T|T|+|G|-|C|A|A|G|C|T|A|G|G|G|C|G|C|T|G|G|T|G|A|C|G|A|C|C|T|C|G|C|A|T|G|C|A|A|A|C|A|C|G|A|C|C|A|C|A|C|A|T|+|+|+|C|G|GG,47.7345293,,
M479A,Hap4,A|T|T|A|G|C|C|A|A|G|G|T|C|A|G|G|T|G|C|C|G|G|T|G|C|C|G|A|C|C|T|C|G|C|A|T|G|C|A|A|A|C|A|C|A|G|C|C|G|C|G|C|A|A|G|A|G|T|G|AG,53.9159752,,
M47A,Hap6,-|T|+|+|G|C|C|A|A|G|C|T|A|G|G|+|C|G|C|C|G|A|T|G|A|C|G|A|C|C|T|C|G|C|A|T|G|C|A|A|A|C|A|C|G|A|C|C|A|C|A|C|A|T|+|+|+|C|G|GG,51.68148715,0.0,0.0
M480A,Hap54,A|T|T|A|G|C|C|A|A|G|G|T|C|A|G|G|C|G|C|C|G|G|T|G|C|C|G|A|C|C|T|C|G|C|A|T|G|C|A|A|A|C|A|C|G|G|T|C|A|C|A|C|A|T|+|+|+|C|G|GG,56.21818175,,
M481A,Hap8,-|T|T|+|G|C|C|A|A|G|C|T|A|G|G|G|C|G|C|C|G|G|T|G|A|C|G|A|C|C|T|C|G|C|A|T|G|C|A|A|A|C|A|C|G|A|C|C|A|C|A|C|C|T|+|+|+|C|G|GG,38.05604295,,
M482A,Hap14,-|T|T|+|G|C|C|A|A|G|C|T|A|G|G|G|C|G|C|C|G|G|T|G|A|C|G|A|C|C|T|C|G|C|A|T|G|C|A|A|A|C|A|C|G|G|C|C|A|C|A|C|A|T|+|+|+|C|G|GG,48.53383159,,
M483A,Hap52,A|T|T|+|G|C|C|A|A|G|G|T|A|G|G|G|C|G|C|C|G|G|T|G|A|C|G|A|C|C|T|C|G|C|A|T|G|C|A|A|A|C|A|C|G|G|C|C|A|C|G|C|A|A|G|A|G|T|G|AG,54.47334305,,
M484A,Hap8,-|T|T|+|G|C|C|A|A|G|C|T|A|G|G|G|C|G|C|C|G|G|T|G|A|C|G|A|C|C|T|C|G|C|A|T|G|C|A|A|A|C|A|C|G|A|C|C|A|C|A|C|C|T|+|+|+|C|G|GG,46.51643956,,
M485A,Hap1,-|T|T|+|G|-|C|A|A|G|C|T|A|G|G|G|C|G|C|T|G|G|T|G|A|C|G|A|C|C|T|C|G|C|A|T|G|C|A|A|A|C|A|C|G|A|C|C|A|C|A|C|A|T|+|+|+|C|G|GG,37.91746223,,
M486A,Hap1,-|T|T|+|G|-|C|A|A|G|C|T|A|G|G|G|C|G|C|T|G|G|T|G|A|C|G|A|C|C|T|C|G|C|A|T|G|C|A|A|A|C|A|C|G|A|C|C|A|C|A|C|A|T|+|+|+|C|G|GG,65.9247516,,
M487A,Hap1,-|T|T|+|G|-|C|A|A|G|C|T|A|G|G|G|C|G|C|T|G|G|T|G|A|C|G|A|C|C|T|C|G|C|A|T|G|C|A|A|A|C|A|C|G|A|C|C|A|C|A|C|A|T|+|+|+|C|G|GG,47.95130369,,
M488A,Hap1,-|T|T|+|G|-|C|A|A|G|C|T|A|G|G|G|C|G|C|T|G|G|T|G|A|C|G|A|C|C|T|C|G|C|A|T|G|C|A|A|A|C|A|C|G|A|C|C|A|C|A|C|A|T|+|+|+|C|G|GG,58.9910367,,
M489A,Hap1,-|T|T|+|G|-|C|A|A|G|C|T|A|G|G|G|C|G|C|T|G|G|T|G|A|C|G|A|C|C|T|C|G|C|A|T|G|C|A|A|A|C|A|C|G|A|C|C|A|C|A|C|A|T|+|+|+|C|G|GG,45.62955889,,
M48A,Hap6,-|T|+|+|G|C|C|A|A|G|C|T|A|G|G|+|C|G|C|C|G|A|T|G|A|C|G|A|C|C|T|C|G|C|A|T|G|C|A|A|A|C|A|C|G|A|C|C|A|C|A|C|A|T|+|+|+|C|G|GG,47.32094716,0.0,0.0
M490A,Hap6,-|T|+|+|G|C|C|A|A|G|C|T|A|G|G|+|C|G|C|C|G|A|T|G|A|C|G|A|C|C|T|C|G|C|A|T|G|C|A|A|A|C|A|C|G|A|C|C|A|C|A|C|A|T|+|+|+|C|G|GG,52.27782885,,
M491A,Hap26,A|T|T|+|G|C|C|A|A|G|G|T|A|A|G|G|T|G|C|C|G|G|T|G|A|C|G|A|C|C|T|C|G|C|A|T|G|C|A|A|A|C|A|C|G|G|C|C|A|C|A|C|A|T|+|+|+|C|G|GG,66.56141175,,
M492A,Hap1,-|T|T|+|G|-|C|A|A|G|C|T|A|G|G|G|C|G|C|T|G|G|T|G|A|C|G|A|C|C|T|C|G|C|A|T|G|C|A|A|A|C|A|C|G|A|C|C|A|C|A|C|A|T|+|+|+|C|G|GG,60.57667685,,
M493A,Hap4,A|T|T|A|G|C|C|A|A|G|G|T|C|A|G|G|T|G|C|C|G|G|T|G|C|C|G|A|C|C|T|C|G|C|A|T|G|C|A|A|A|C|A|C|A|G|C|C|G|C|G|C|A|A|G|A|G|T|G|AG,43.45882854,,
M494A,Hap15,-|T|T|+|G|C|C|A|A|G|C|T|A|G|G|G|C|G|C|T|G|G|T|G|A|C|G|A|C|C|T|C|G|C|A|T|G|C|A|A|A|C|A|C|G|A|C|C|A|C|A|C|A|T|+|+|+|C|G|GG,49.2395089,,
M495A,Hap1,-|T|T|+|G|-|C|A|A|G|C|T|A|G|G|G|C|G|C|T|G|G|T|G|A|C|G|A|C|C|T|C|G|C|A|T|G|C|A|A|A|C|A|C|G|A|C|C|A|C|A|C|A|T|+|+|+|C|G|GG,52.7262107,,
M496A,Hap1,-|T|T|+|G|-|C|A|A|G|C|T|A|G|G|G|C|G|C|T|G|G|T|G|A|C|G|A|C|C|T|C|G|C|A|T|G|C|A|A|A|C|A|C|G|A|C|C|A|C|A|C|A|T|+|+|+|C|G|GG,65.20691405,,
M497A,Hap4,A|T|T|A|G|C|C|A|A|G|G|T|C|A|G|G|T|G|C|C|G|G|T|G|C|C|G|A|C|C|T|C|G|C|A|T|G|C|A|A|A|C|A|C|A|G|C|C|G|C|G|C|A|A|G|A|G|T|G|AG,55.77655285,,
M498A,Hap1,-|T|T|+|G|-|C|A|A|G|C|T|A|G|G|G|C|G|C|T|G|G|T|G|A|C|G|A|C|C|T|C|G|C|A|T|G|C|A|A|A|C|A|C|G|A|C|C|A|C|A|C|A|T|+|+|+|C|G|GG,68.3185996,,
M499A,Hap1,-|T|T|+|G|-|C|A|A|G|C|T|A|G|G|G|C|G|C|T|G|G|T|G|A|C|G|A|C|C|T|C|G|C|A|T|G|C|A|A|A|C|A|C|G|A|C|C|A|C|A|C|A|T|+|+|+|C|G|GG,76.8094799,,
M49A,Hap1,-|T|T|+|G|-|C|A|A|G|C|T|A|G|G|G|C|G|C|T|G|G|T|G|A|C|G|A|C|C|T|C|G|C|A|T|G|C|A|A|A|C|A|C|G|A|C|C|A|C|A|C|A|T|+|+|+|C|G|GG,56.4998959,0.0,0.0
M4A,Hap2,-|T|T|+|G|C|C|A|A|G|C|T|A|G|G|G|C|G|C|C|G|G|T|G|A|C|G|A|C|C|T|C|G|C|A|T|G|C|G|A|A|C|A|C|G|G|C|C|A|C|A|C|A|T|+|+|+|C|G|GG,50.86570735,0.0,0.0
M500A,Hap1,-|T|T|+|G|-|C|A|A|G|C|T|A|G|G|G|C|G|C|T|G|G|T|G|A|C|G|A|C|C|T|C|G|C|A|T|G|C|A|A|A|C|A|C|G|A|C|C|A|C|A|C|A|T|+|+|+|C|G|GG,68.12502245,,
M501A,Hap1,-|T|T|+|G|-|C|A|A|G|C|T|A|G|G|G|C|G|C|T|G|G|T|G|A|C|G|A|C|C|T|C|G|C|A|T|G|C|A|A|A|C|A|C|G|A|C|C|A|C|A|C|A|T|+|+|+|C|G|GG,63.2274694,,
M502A,Hap2,-|T|T|+|G|C|C|A|A|G|C|T|A|G|G|G|C|G|C|C|G|G|T|G|A|C|G|A|C|C|T|C|G|C|A|T|G|C|G|A|A|C|A|C|G|G|C|C|A|C|A|C|A|T|+|+|+|C|G|GG,64.5144392,,
M503A,Hap4,A|T|T|A|G|C|C|A|A|G|G|T|C|A|G|G|T|G|C|C|G|G|T|G|C|C|G|A|C|C|T|C|G|C|A|T|G|C|A|A|A|C|A|C|A|G|C|C|G|C|G|C|A|A|G|A|G|T|G|AG,52.700001,,
M504A,Hap1,-|T|T|+|G|-|C|A|A|G|C|T|A|G|G|G|C|G|C|T|G|G|T|G|A|C|G|A|C|C|T|C|G|C|A|T|G|C|A|A|A|C|A|C|G|A|C|C|A|C|A|C|A|T|+|+|+|C|G|GG,62.8027903,,
M505A,Hap1,-|T|T|+|G|-|C|A|A|G|C|T|A|G|G|G|C|G|C|T|G|G|T|G|A|C|G|A|C|C|T|C|G|C|A|T|G|C|A|A|A|C|A|C|G|A|C|C|A|C|A|C|A|T|+|+|+|C|G|GG,70.66023355,,
M506A,Hap1,-|T|T|+|G|-|C|A|A|G|C|T|A|G|G|G|C|G|C|T|G|G|T|G|A|C|G|A|C|C|T|C|G|C|A|T|G|C|A|A|A|C|A|C|G|A|C|C|A|C|A|C|A|T|+|+|+|C|G|GG,66.41312885,,
M507A,Hap1,-|T|T|+|G|-|C|A|A|G|C|T|A|G|G|G|C|G|C|T|G|G|T|G|A|C|G|A|C|C|T|C|G|C|A|T|G|C|A|A|A|C|A|C|G|A|C|C|A|C|A|C|A|T|+|+|+|C|G|GG,65.51816985,,
M508A,Hap1,-|T|T|+|G|-|C|A|A|G|C|T|A|G|G|G|C|G|C|T|G|G|T|G|A|C|G|A|C|C|T|C|G|C|A|T|G|C|A|A|A|C|A|C|G|A|C|C|A|C|A|C|A|T|+|+|+|C|G|GG,52.6914547,,
M509A,Hap1,-|T|T|+|G|-|C|A|A|G|C|T|A|G|G|G|C|G|C|T|G|G|T|G|A|C|G|A|C|C|T|C|G|C|A|T|G|C|A|A|A|C|A|C|G|A|C|C|A|C|A|C|A|T|+|+|+|C|G|GG,67.85219385,,
M50A,Hap1,-|T|T|+|G|-|C|A|A|G|C|T|A|G|G|G|C|G|C|T|G|G|T|G|A|C|G|A|C|C|T|C|G|C|A|T|G|C|A|A|A|C|A|C|G|A|C|C|A|C|A|C|A|T|+|+|+|C|G|GG,53.05270355,0.0,0.0
M510A,Hap4,A|T|T|A|G|C|C|A|A|G|G|T|C|A|G|G|T|G|C|C|G|G|T|G|C|C|G|A|C|C|T|C|G|C|A|T|G|C|A|A|A|C|A|C|A|G|C|C|G|C|G|C|A|A|G|A|G|T|G|AG,66.3730712,,
M511A,Hap3,A|C|T|+|A|C|C|A|A|G|G|C|A|A|-|G|C|G|-|C|+|G|-|-|A|C|G|G|C|C|T|C|C|T|G|+|A|G|A|G|G|C|G|C|G|G|C|T|A|C|A|C|A|T|+|+|+|C|G|GG,59.943062,,
M512A,Hap1,-|T|T|+|G|-|C|A|A|G|C|T|A|G|G|G|C|G|C|T|G|G|T|G|A|C|G|A|C|C|T|C|G|C|A|T|G|C|A|A|A|C|A|C|G|A|C|C|A|C|A|C|A|T|+|+|+|C|G|GG,54.3043709,,
M513A,Hap2,-|T|T|+|G|C|C|A|A|G|C|T|A|G|G|G|C|G|C|C|G|G|T|G|A|C|G|A|C|C|T|C|G|C|A|T|G|C|G|A|A|C|A|C|G|G|C|C|A|C|A|C|A|T|+|+|+|C|G|GG,49.64978759,,
M514A,Hap2,-|T|T|+|G|C|C|A|A|G|C|T|A|G|G|G|C|G|C|C|G|G|T|G|A|C|G|A|C|C|T|C|G|C|A|T|G|C|G|A|A|C|A|C|G|G|C|C|A|C|A|C|A|T|+|+|+|C|G|GG,52.77938575,,
M515A,Hap53,A|T|T|+|G|C|C|A|A|G|C|T|A|G|G|G|C|G|C|C|G|G|T|G|A|C|G|A|C|C|T|C|G|C|A|T|G|C|G|A|A|C|A|C|G|G|C|C|A|C|A|C|A|T|+|+|+|C|G|GG,56.3264979,,
M516A,Hap2,-|T|T|+|G|C|C|A|A|G|C|T|A|G|G|G|C|G|C|C|G|G|T|G|A|C|G|A|C|C|T|C|G|C|A|T|G|C|G|A|A|C|A|C|G|G|C|C|A|C|A|C|A|T|+|+|+|C|G|GG,56.96606055,,
M517A,Hap1,-|T|T|+|G|-|C|A|A|G|C|T|A|G|G|G|C|G|C|T|G|G|T|G|A|C|G|A|C|C|T|C|G|C|A|T|G|C|A|A|A|C|A|C|G|A|C|C|A|C|A|C|A|T|+|+|+|C|G|GG,57.15216755,,
M518A,Hap15,-|T|T|+|G|C|C|A|A|G|C|T|A|G|G|G|C|G|C|T|G|G|T|G|A|C|G|A|C|C|T|C|G|C|A|T|G|C|A|A|A|C|A|C|G|A|C|C|A|C|A|C|A|T|+|+|+|C|G|GG,57.52161695,,
M519A,Hap3,A|C|T|+|A|C|C|A|A|G|G|C|A|A|-|G|C|G|-|C|+|G|-|-|A|C|G|G|C|C|T|C|C|T|G|+|A|G|A|G|G|C|G|C|G|G|C|T|A|C|A|C|A|T|+|+|+|C|G|GG,51.1202122,,
M51A,Hap51,A|T|T|A|G|C|C|A|A|G|G|T|C|G|G|G|T|G|C|C|G|G|T|G|C|C|G|A|C|C|T|C|G|C|A|T|G|C|A|A|A|C|A|C|G|G|C|C|A|C|A|C|A|T|+|A|+|C|G|GG,49.45430001,0.0,0.0
M520A,Hap27,-|T|T|+|G|-|C|A|A|G|C|T|A|G|G|G|C|G|C|T|G|G|T|G|A|C|G|A|C|C|T|C|G|C|A|T|G|C|A|A|A|C|A|C|G|G|C|C|A|C|A|C|A|T|+|+|+|C|G|GG,63.002343,,
M521A,Hap3,A|C|T|+|A|C|C|A|A|G|G|C|A|A|-|G|C|G|-|C|+|G|-|-|A|C|G|G|C|C|T|C|C|T|G|+|A|G|A|G|G|C|G|C|G|G|C|T|A|C|A|C|A|T|+|+|+|C|G|GG,59.262588,,
M522A,Hap4,A|T|T|A|G|C|C|A|A|G|G|T|C|A|G|G|T|G|C|C|G|G|T|G|C|C|G|A|C|C|T|C|G|C|A|T|G|C|A|A|A|C|A|C|A|G|C|C|G|C|G|C|A|A|G|A|G|T|G|AG,44.00226824,,
M523A,Hap4,A|T|T|A|G|C|C|A|A|G|G|T|C|A|G|G|T|G|C|C|G|G|T|G|C|C|G|A|C|C|T|C|G|C|A|T|G|C|A|A|A|C|A|C|A|G|C|C|G|C|G|C|A|A|G|A|G|T|G|AG,43.6230246,,
M52A,Hap1,-|T|T|+|G|-|C|A|A|G|C|T|A|G|G|G|C|G|C|T|G|G|T|G|A|C|G|A|C|C|T|C|G|C|A|T|G|C|A|A|A|C|A|C|G|A|C|C|A|C|A|C|A|T|+|+|+|C|G|GG,55.7980929,0.0,0.0
M53A,Hap1,-|T|T|+|G|-|C|A|A|G|C|T|A|G|G|G|C|G|C|T|G|G|T|G|A|C|G|A|C|C|T|C|G|C|A|T|G|C|A|A|A|C|A|C|G|A|C|C|A|C|A|C|A|T|+|+|+|C|G|GG,58.2646018,0.0,0.0
M54A,Hap1,-|T|T|+|G|-|C|A|A|G|C|T|A|G|G|G|C|G|C|T|G|G|T|G|A|C|G|A|C|C|T|C|G|C|A|T|G|C|A|A|A|C|A|C|G|A|C|C|A|C|A|C|A|T|+|+|+|C|G|GG,58.70155045,0.0292527,0.0295706
M55A,Hap1,-|T|T|+|G|-|C|A|A|G|C|T|A|G|G|G|C|G|C|T|G|G|T|G|A|C|G|A|C|C|T|C|G|C|A|T|G|C|A|A|A|C|A|C|G|A|C|C|A|C|A|C|A|T|+|+|+|C|G|GG,56.6146813,0.0,0.0
M56A,Hap50,A|T|T|+|G|C|C|A|A|G|G|T|A|G|G|G|T|G|C|C|G|G|T|G|A|C|G|A|C|C|T|C|G|C|A|T|G|C|A|A|A|C|A|C|G|G|C|C|A|C|G|C|A|A|G|A|G|T|G|AG,49.27005102,0.0,0.0
M57A,Hap6,-|T|+|+|G|C|C|A|A|G|C|T|A|G|G|+|C|G|C|C|G|A|T|G|A|C|G|A|C|C|T|C|G|C|A|T|G|C|A|A|A|C|A|C|G|A|C|C|A|C|A|C|A|T|+|+|+|C|G|GG,57.0799826,0.0,0.0
M58A,Hap12,-|T|T|+|G|-|C|A|A|G|G|T|A|G|G|G|C|G|C|T|G|G|T|G|A|C|G|A|C|C|T|C|G|C|A|T|G|C|A|A|A|C|A|C|G|A|C|C|A|C|A|C|A|T|+|+|+|C|G|GG,55.34176855,0.0,0.0
M59A,Hap1,-|T|T|+|G|-|C|A|A|G|C|T|A|G|G|G|C|G|C|T|G|G|T|G|A|C|G|A|C|C|T|C|G|C|A|T|G|C|A|A|A|C|A|C|G|A|C|C|A|C|A|C|A|T|+|+|+|C|G|GG,55.3110264,0.0,0.0
M5A,Hap2,-|T|T|+|G|C|C|A|A|G|C|T|A|G|G|G|C|G|C|C|G|G|T|G|A|C|G|A|C|C|T|C|G|C|A|T|G|C|G|A|A|C|A|C|G|G|C|C|A|C|A|C|A|T|+|+|+|C|G|GG,53.7426158,0.0,0.0
M60A,Hap1,-|T|T|+|G|-|C|A|A|G|C|T|A|G|G|G|C|G|C|T|G|G|T|G|A|C|G|A|C|C|T|C|G|C|A|T|G|C|A|A|A|C|A|C|G|A|C|C|A|C|A|C|A|T|+|+|+|C|G|GG,53.67828695,0.0,0.0
M61A,Hap10,-|T|T|+|G|C|C|A|A|G|C|T|A|G|G|G|C|G|C|C|G|G|T|G|A|T|G|A|C|C|T|C|G|C|A|T|G|C|A|A|A|C|A|C|G|A|C|C|A|C|A|C|A|T|+|+|+|C|G|GG,53.98660085,0.0,0.0
M62A,Hap26,A|T|T|+|G|C|C|A|A|G|G|T|A|A|G|G|T|G|C|C|G|G|T|G|A|C|G|A|C|C|T|C|G|C|A|T|G|C|A|A|A|C|A|C|G|G|C|C|A|C|A|C|A|T|+|+|+|C|G|GG,52.3523888,0.0,0.0
M63A,Hap2,-|T|T|+|G|C|C|A|A|G|C|T|A|G|G|G|C|G|C|C|G|G|T|G|A|C|G|A|C|C|T|C|G|C|A|T|G|C|G|A|A|C|A|C|G|G|C|C|A|C|A|C|A|T|+|+|+|C|G|GG,43.94305867,0.0288837,0.0
M64A,Hap6,-|T|+|+|G|C|C|A|A|G|C|T|A|G|G|+|C|G|C|C|G|A|T|G|A|C|G|A|C|C|T|C|G|C|A|T|G|C|A|A|A|C|A|C|G|A|C|C|A|C|A|C|A|T|+|+|+|C|G|GG,54.20394085,0.0,0.0
M65A,Hap10,-|T|T|+|G|C|C|A|A|G|C|T|A|G|G|G|C|G|C|C|G|G|T|G|A|T|G|A|C|C|T|C|G|C|A|T|G|C|A|A|A|C|A|C|G|A|C|C|A|C|A|C|A|T|+|+|+|C|G|GG,54.19468665,0.0,0.0
M66A,Hap6,-|T|+|+|G|C|C|A|A|G|C|T|A|G|G|+|C|G|C|C|G|A|T|G|A|C|G|A|C|C|T|C|G|C|A|T|G|C|A|A|A|C|A|C|G|A|C|C|A|C|A|C|A|T|+|+|+|C|G|GG,58.7604883,0.0,0.0
M67A,Hap24,A|T|T|+|G|C|C|A|A|G|G|T|A|A|G|G|C|G|C|T|G|G|T|G|A|C|G|A|C|C|T|C|G|C|A|T|G|C|A|A|A|C|A|C|G|G|C|C|A|C|A|C|A|T|+|+|+|C|G|GG,53.88934155,0.0,0.0
M68A,Hap15,-|T|T|+|G|C|C|A|A|G|C|T|A|G|G|G|C|G|C|T|G|G|T|G|A|C|G|A|C|C|T|C|G|C|A|T|G|C|A|A|A|C|A|C|G|A|C|C|A|C|A|C|A|T|+|+|+|C|G|GG,50.5892159,0.0,0.0
M69A,Hap8,-|T|T|+|G|C|C|A|A|G|C|T|A|G|G|G|C|G|C|C|G|G|T|G|A|C|G|A|C|C|T|C|G|C|A|T|G|C|A|A|A|C|A|C|G|A|C|C|A|C|A|C|C|T|+|+|+|C|G|GG,54.41088835,0.0,0.0
M6A,Hap2,-|T|T|+|G|C|C|A|A|G|C|T|A|G|G|G|C|G|C|C|G|G|T|G|A|C|G|A|C|C|T|C|G|C|A|T|G|C|G|A|A|C|A|C|G|G|C|C|A|C|A|C|A|T|+|+|+|C|G|GG,51.14929445,0.0,0.0
M70A,Hap6,-|T|+|+|G|C|C|A|A|G|C|T|A|G|G|+|C|G|C|C|G|A|T|G|A|C|G|A|C|C|T|C|G|C|A|T|G|C|A|A|A|C|A|C|G|A|C|C|A|C|A|C|A|T|+|+|+|C|G|GG,49.33395699,0.0,0.0
M71A,Hap5,-|T|T|+|G|C|C|A|A|G|C|T|A|G|G|G|C|G|C|C|G|G|T|G|A|C|G|A|C|C|T|C|G|C|A|T|G|C|A|A|A|C|A|C|G|A|C|C|A|C|A|C|A|T|+|+|+|C|G|GG,47.63698236,0.0,0.0
M72A,Hap8,-|T|T|+|G|C|C|A|A|G|C|T|A|G|G|G|C|G|C|C|G|G|T|G|A|C|G|A|C|C|T|C|G|C|A|T|G|C|A|A|A|C|A|C|G|A|C|C|A|C|A|C|C|T|+|+|+|C|G|GG,58.01312345,0.0,0.0
M73A,Hap7,A|T|T|A|G|C|C|A|A|G|G|T|C|G|G|G|T|G|C|C|G|G|T|G|C|C|G|A|C|C|T|C|G|C|A|T|G|C|A|A|A|C|A|C|G|G|T|C|A|C|A|C|A|T|+|+|+|C|G|GG,49.6047465,0.0,0.0
M74A,Hap10,-|T|T|+|G|C|C|A|A|G|C|T|A|G|G|G|C|G|C|C|G|G|T|G|A|T|G|A|C|C|T|C|G|C|A|T|G|C|A|A|A|C|A|C|G|A|C|C|A|C|A|C|A|T|+|+|+|C|G|GG,53.73983895,0.0259815,0.0
M75A,Hap7,A|T|T|A|G|C|C|A|A|G|G|T|C|G|G|G|T|G|C|C|G|G|T|G|C|C|G|A|C|C|T|C|G|C|A|T|G|C|A|A|A|C|A|C|G|G|T|C|A|C|A|C|A|T|+|+|+|C|G|GG,51.7223633,0.0,0.0
M76A,Hap7,A|T|T|A|G|C|C|A|A|G|G|T|C|G|G|G|T|G|C|C|G|G|T|G|C|C|G|A|C|C|T|C|G|C|A|T|G|C|A|A|A|C|A|C|G|G|T|C|A|C|A|C|A|T|+|+|+|C|G|GG,49.82127824,0.0,0.0
M77A,Hap2,-|T|T|+|G|C|C|A|A|G|C|T|A|G|G|G|C|G|C|C|G|G|T|G|A|C|G|A|C|C|T|C|G|C|A|T|G|C|G|A|A|C|A|C|G|G|C|C|A|C|A|C|A|T|+|+|+|C|G|GG,56.09597525,0.0,0.0
M78A,Hap1,-|T|T|+|G|-|C|A|A|G|C|T|A|G|G|G|C|G|C|T|G|G|T|G|A|C|G|A|C|C|T|C|G|C|A|T|G|C|A|A|A|C|A|C|G|A|C|C|A|C|A|C|A|T|+|+|+|C|G|GG,57.43537085,0.0,0.0
M79A,Hap1,-|T|T|+|G|-|C|A|A|G|C|T|A|G|G|G|C|G|C|T|G|G|T|G|A|C|G|A|C|C|T|C|G|C|A|T|G|C|A|A|A|C|A|C|G|A|C|C|A|C|A|C|A|T|+|+|+|C|G|GG,57.71232185,0.0,0.0
M7A,Hap2,-|T|T|+|G|C|C|A|A|G|C|T|A|G|G|G|C|G|C|C|G|G|T|G|A|C|G|A|C|C|T|C|G|C|A|T|G|C|G|A|A|C|A|C|G|G|C|C|A|C|A|C|A|T|+|+|+|C|G|GG,46.34811325,0.0,0.0
M80A,Hap2,-|T|T|+|G|C|C|A|A|G|C|T|A|G|G|G|C|G|C|C|G|G|T|G|A|C|G|A|C|C|T|C|G|C|A|T|G|C|G|A|A|C|A|C|G|G|C|C|A|C|A|C|A|T|+|+|+|C|G|GG,61.56739495,0.0,0.0
M81A,Hap25,-|T|T|+|G|C|C|A|A|G|G|T|A|G|G|G|C|G|C|C|G|G|T|G|A|C|G|A|C|C|T|C|G|C|A|T|G|C|G|A|A|C|A|C|G|G|C|C|A|C|A|C|A|T|+|+|+|C|G|GG,58.9124923,0.0,0.0
M82A,Hap1,-|T|T|+|G|-|C|A|A|G|C|T|A|G|G|G|C|G|C|T|G|G|T|G|A|C|G|A|C|C|T|C|G|C|A|T|G|C|A|A|A|C|A|C|G|A|C|C|A|C|A|C|A|T|+|+|+|C|G|GG,57.44093295,0.0,0.0
M83A,Hap1,-|T|T|+|G|-|C|A|A|G|C|T|A|G|G|G|C|G|C|T|G|G|T|G|A|C|G|A|C|C|T|C|G|C|A|T|G|C|A|A|A|C|A|C|G|A|C|C|A|C|A|C|A|T|+|+|+|C|G|GG,45.98681928,0.0,0.0
M84A,Hap6,-|T|+|+|G|C|C|A|A|G|C|T|A|G|G|+|C|G|C|C|G|A|T|G|A|C|G|A|C|C|T|C|G|C|A|T|G|C|A|A|A|C|A|C|G|A|C|C|A|C|A|C|A|T|+|+|+|C|G|GG,60.62279875,0.0,0.0
M85A,Hap1,-|T|T|+|G|-|C|A|A|G|C|T|A|G|G|G|C|G|C|T|G|G|T|G|A|C|G|A|C|C|T|C|G|C|A|T|G|C|A|A|A|C|A|C|G|A|C|C|A|C|A|C|A|T|+|+|+|C|G|GG,50.94653285,0.0,0.0
M86A,Hap6,-|T|+|+|G|C|C|A|A|G|C|T|A|G|G|+|C|G|C|C|G|A|T|G|A|C|G|A|C|C|T|C|G|C|A|T|G|C|A|A|A|C|A|C|G|A|C|C|A|C|A|C|A|T|+|+|+|C|G|GG,58.5619702,0.0,0.0
M87A,Hap1,-|T|T|+|G|-|C|A|A|G|C|T|A|G|G|G|C|G|C|T|G|G|T|G|A|C|G|A|C|C|T|C|G|C|A|T|G|C|A|A|A|C|A|C|G|A|C|C|A|C|A|C|A|T|+|+|+|C|G|GG,58.6022181,0.0,0.0
M88A,Hap2,-|T|T|+|G|C|C|A|A|G|C|T|A|G|G|G|C|G|C|C|G|G|T|G|A|C|G|A|C|C|T|C|G|C|A|T|G|C|G|A|A|C|A|C|G|G|C|C|A|C|A|C|A|T|+|+|+|C|G|GG,55.32547565,0.0,0.0
M89A,Hap1,-|T|T|+|G|-|C|A|A|G|C|T|A|G|G|G|C|G|C|T|G|G|T|G|A|C|G|A|C|C|T|C|G|C|A|T|G|C|A|A|A|C|A|C|G|A|C|C|A|C|A|C|A|T|+|+|+|C|G|GG,58.1726327,0.0,0.0
M8A,Hap6,-|T|+|+|G|C|C|A|A|G|C|T|A|G|G|+|C|G|C|C|G|A|T|G|A|C|G|A|C|C|T|C|G|C|A|T|G|C|A|A|A|C|A|C|G|A|C|C|A|C|A|C|A|T|+|+|+|C|G|GG,43.03795998,0.0,0.0
M90A,Hap1,-|T|T|+|G|-|C|A|A|G|C|T|A|G|G|G|C|G|C|T|G|G|T|G|A|C|G|A|C|C|T|C|G|C|A|T|G|C|A|A|A|C|A|C|G|A|C|C|A|C|A|C|A|T|+|+|+|C|G|GG,59.82250825,0.0,0.0
M91A,Hap1,-|T|T|+|G|-|C|A|A|G|C|T|A|G|G|G|C|G|C|T|G|G|T|G|A|C|G|A|C|C|T|C|G|C|A|T|G|C|A|A|A|C|A|C|G|A|C|C|A|C|A|C|A|T|+|+|+|C|G|GG,45.60533659,0.0,0.0
M92A,Hap1,-|T|T|+|G|-|C|A|A|G|C|T|A|G|G|G|C|G|C|T|G|G|T|G|A|C|G|A|C|C|T|C|G|C|A|T|G|C|A|A|A|C|A|C|G|A|C|C|A|C|A|C|A|T|+|+|+|C|G|GG,54.8326887,0.0,0.0
M93A,Hap8,-|T|T|+|G|C|C|A|A|G|C|T|A|G|G|G|C|G|C|C|G|G|T|G|A|C|G|A|C|C|T|C|G|C|A|T|G|C|A|A|A|C|A|C|G|A|C|C|A|C|A|C|C|T|+|+|+|C|G|GG,59.7916955,0.0,0.0
M94A,Hap1,-|T|T|+|G|-|C|A|A|G|C|T|A|G|G|G|C|G|C|T|G|G|T|G|A|C|G|A|C|C|T|C|G|C|A|T|G|C|A|A|A|C|A|C|G|A|C|C|A|C|A|C|A|T|+|+|+|C|G|GG,55.7626126,0.0,0.0
M95A,Hap1,-|T|T|+|G|-|C|A|A|G|C|T|A|G|G|G|C|G|C|T|G|G|T|G|A|C|G|A|C|C|T|C|G|C|A|T|G|C|A|A|A|C|A|C|G|A|C|C|A|C|A|C|A|T|+|+|+|C|G|GG,49.99280849,0.0,0.0
M96A,Hap1,-|T|T|+|G|-|C|A|A|G|C|T|A|G|G|G|C|G|C|T|G|G|T|G|A|C|G|A|C|C|T|C|G|C|A|T|G|C|A|A|A|C|A|C|G|A|C|C|A|C|A|C|A|T|+|+|+|C|G|GG,53.86188165,0.0,0.0
M97A,Hap22,A|T|T|+|G|C|C|A|A|G|G|T|A|A|G|G|C|G|C|C|G|G|T|G|A|C|G|A|C|C|T|C|G|C|A|T|G|C|A|A|A|C|A|C|G|G|C|C|A|C|A|C|A|T|+|+|+|C|G|GG,59.06239985,0.0,0.0
M98A,Hap1,-|T|T|+|G|-|C|A|A|G|C|T|A|G|G|G|C|G|C|T|G|G|T|G|A|C|G|A|C|C|T|C|G|C|A|T|G|C|A|A|A|C|A|C|G|A|C|C|A|C|A|C|A|T|+|+|+|C|G|GG,61.65564575,0.0,0.0
M99A,Hap28,-|T|T|+|G|C|C|A|A|G|C|T|A|G|G|+|C|G|C|C|G|A|T|G|A|C|G|A|C|C|T|C|G|C|A|T|G|C|A|A|A|C|A|C|G|A|C|C|A|C|A|C|A|T|+|+|+|C|G|GG,56.93544995,0.0,0.0
M9A,Hap1,-|T|T|+|G|-|C|A|A|G|C|T|A|G|G|G|C|G|C|T|G|G|T|G|A|C|G|A|C|C|T|C|G|C|A|T|G|C|A|A|A|C|A|C|G|A|C|C|A|C|A|C|A|T|+|+|+|C|G|GG,58.9207585,0.0,0.0
WB1022,Hap30,-|T|T|+|G|C|C|A|A|G|C|T|A|G|G|G|C|G|C|C|G|G|T|G|A|C|G|A|C|C|T|C|G|C|A|T|G|C|G|A|A|C|A|C|G|G|T|C|A|C|A|C|A|T|+|+|+|C|G|GG,,,
WB1023,Hap3,A|C|T|+|A|C|C|A|A|G|G|C|A|A|-|G|C|G|-|C|+|G|-|-|A|C|G|G|C|C|T|C|C|T|G|+|A|G|A|G|G|C|G|C|G|G|C|T|A|C|A|C|A|T|+|+|+|C|G|GG,,,
WB1024,Hap3,A|C|T|+|A|C|C|A|A|G|G|C|A|A|-|G|C|G|-|C|+|G|-|-|A|C|G|G|C|C|T|C|C|T|G|+|A|G|A|G|G|C|G|C|G|G|C|T|A|C|A|C|A|T|+|+|+|C|G|GG,40.39383496,,
WB1025,Hap56,A|C|T|A|G|C|C|A|A|G|G|C|A|A|-|G|C|G|-|C|+|G|-|-|A|C|G|G|C|C|T|C|C|T|G|+|A|G|A|G|G|C|G|C|G|G|C|T|A|C|A|C|A|T|+|+|+|C|G|GG,,,
WB1026,Hap13,A|T|T|+|G|C|+|A|A|G|G|C|A|A|G|G|C|G|C|C|+|G|-|G|A|C|T|A|T|T|T|C|G|C|A|T|G|C|A|A|A|C|A|C|G|G|C|C|A|C|G|T|A|A|G|A|G|T|G|AG,,,
WB1027,Hap13,A|T|T|+|G|C|+|A|A|G|G|C|A|A|G|G|C|G|C|C|+|G|-|G|A|C|T|A|T|T|T|C|G|C|A|T|G|C|A|A|A|C|A|C|G|G|C|C|A|C|G|T|A|A|G|A|G|T|G|AG,,,
WB1028,Hap13,A|T|T|+|G|C|+|A|A|G|G|C|A|A|G|G|C|G|C|C|+|G|-|G|A|C|T|A|T|T|T|C|G|C|A|T|G|C|A|A|A|C|A|C|G|G|C|C|A|C|G|T|A|A|G|A|G|T|G|AG,,,
WB1029,Hap8,-|T|T|+|G|C|C|A|A|G|C|T|A|G|G|G|C|G|C|C|G|G|T|G|A|C|G|A|C|C|T|C|G|C|A|T|G|C|A|A|A|C|A|C|G|A|C|C|A|C|A|C|C|T|+|+|+|C|G|GG,53.29731605,,
WB1030,Hap13,A|T|T|+|G|C|+|A|A|G|G|C|A|A|G|G|C|G|C|C|+|G|-|G|A|C|T|A|T|T|T|C|G|C|A|T|G|C|A|A|A|C|A|C|G|G|C|C|A|C|G|T|A|A|G|A|G|T|G|AG,,,
WB1031,Hap13,A|T|T|+|G|C|+|A|A|G|G|C|A|A|G|G|C|G|C|C|+|G|-|G|A|C|T|A|T|T|T|C|G|C|A|T|G|C|A|A|A|C|A|C|G|G|C|C|A|C|G|T|A|A|G|A|G|T|G|AG,,,
WB1032,Hap9,A|T|T|+|G|C|C|A|A|-|G|T|A|G|G|G|C|-|C|C|G|G|-|G|A|C|G|G|C|C|C|C|G|C|A|T|G|C|A|A|A|T|A|C|G|G|C|C|A|C|G|C|A|A|G|A|G|T|T|AG,47.17433127,,
WB1033,Hap9,A|T|T|+|G|C|C|A|A|-|G|T|A|G|G|G|C|-|C|C|G|G|-|G|A|C|G|G|C|C|C|C|G|C|A|T|G|C|A|A|A|T|A|C|G|G|C|C|A|C|G|C|A|A|G|A|G|T|T|AG,50.46483565,,
WB1034,Hap57,A|T|T|A|G|C|C|A|A|G|G|T|C|A|G|G|T|G|C|C|G|G|T|G|C|C|G|A|C|C|T|C|G|C|A|T|G|C|A|A|A|C|A|C|G|G|C|C|A|C|A|C|A|T|+|A|+|C|G|GG,49.30121647,,
WB1035,Hap9,A|T|T|+|G|C|C|A|A|-|G|T|A|G|G|G|C|-|C|C|G|G|-|G|A|C|G|G|C|C|C|C|G|C|A|T|G|C|A|A|A|T|A|C|G|G|C|C|A|C|G|C|A|A|G|A|G|T|T|AG,,,
WB1036,Hap55,A|T|T|A|G|C|C|A|A|G|G|T|C|G|G|G|T|-|C|C|G|G|T|G|A|C|G|A|C|C|C|C|G|C|A|T|G|C|A|A|A|C|A|C|G|G|C|C|A|C|G|C|A|A|G|A|G|T|T|AG,49.66775358,,
WB1037,Hap9,A|T|T|+|G|C|C|A|A|-|G|T|A|G|G|G|C|-|C|C|G|G|-|G|A|C|G|G|C|C|C|C|G|C|A|T|G|C|A|A|A|T|A|C|G|G|C|C|A|C|G|C|A|A|G|A|G|T|T|AG,51.8095851,,
WB1038,Hap9,A|T|T|+|G|C|C|A|A|-|G|T|A|G|G|G|C|-|C|C|G|G|-|G|A|C|G|G|C|C|C|C|G|C|A|T|G|C|A|A|A|T|A|C|G|G|C|C|A|C|G|C|A|A|G|A|G|T|T|AG,56.1896144,,
WB1039,Hap7,A|T|T|A|G|C|C|A|A|G|G|T|C|G|G|G|T|G|C|C|G|G|T|G|C|C|G|A|C|C|T|C|G|C|A|T|G|C|A|A|A|C|A|C|G|G|T|C|A|C|A|C|A|T|+|+|+|C|G|GG,52.45768815,,
WB1040,Hap29,A|T|T|+|G|C|C|+|+|G|G|C|A|A|G|G|C|G|C|C|G|G|T|G|A|C|G|G|C|T|T|T|G|C|A|T|G|C|A|A|A|C|A|C|G|G|C|C|A|C|A|C|A|T|+|+|+|C|G|G-,51.2593148,,
WB1041,Hap17,A|T|T|+|G|C|+|A|A|G|G|C|A|A|G|G|C|G|C|C|+|G|-|G|A|C|T|A|T|T|T|C|G|C|A|T|G|C|A|A|A|C|A|C|G|G|T|C|A|C|A|C|A|T|+|+|+|C|G|GG,,,
WB1042,Hap18,A|T|T|A|G|C|C|A|A|G|G|T|C|G|G|G|T|G|C|C|G|G|T|G|A|C|G|A|C|C|T|C|G|C|A|T|G|C|G|A|A|C|A|C|G|G|C|C|A|C|A|C|A|T|+|+|+|C|G|GG,35.86463216,,
WB1043,Hap18,A|T|T|A|G|C|C|A|A|G|G|T|C|G|G|G|T|G|C|C|G|G|T|G|A|C|G|A|C|C|T|C|G|C|A|T|G|C|G|A|A|C|A|C|G|G|C|C|A|C|A|C|A|T|+|+|+|C|G|GG,40.24552555,,
WB1044,Hap8,-|T|T|+|G|C|C|A|A|G|C|T|A|G|G|G|C|G|C|C|G|G|T|G|A|C|G|A|C|C|T|C|G|C|A|T|G|C|A|A|A|C|A|C|G|A|C|C|A|C|A|C|C|T|+|+|+|C|G|GG,46.56446763,,
WB1045,Hap8,-|T|T|+|G|C|C|A|A|G|C|T|A|G|G|G|C|G|C|C|G|G|T|G|A|C|G|A|C|C|T|C|G|C|A|T|G|C|A|A|A|C|A|C|G|A|C|C|A|C|A|C|C|T|+|+|+|C|G|GG,49.56833415,,
WB1046,Hap2,-|T|T|+|G|C|C|A|A|G|C|T|A|G|G|G|C|G|C|C|G|G|T|G|A|C|G|A|C|C|T|C|G|C|A|T|G|C|G|A|A|C|A|C|G|G|C|C|A|C|A|C|A|T|+|+|+|C|G|GG,53.9557625,,
WB1047,Hap3,A|C|T|+|A|C|C|A|A|G|G|C|A|A|-|G|C|G|-|C|+|G|-|-|A|C|G|G|C|C|T|C|C|T|G|+|A|G|A|G|G|C|G|C|G|G|C|T|A|C|A|C|A|T|+|+|+|C|G|GG,54.27483395,,
WB1048,Hap3,A|C|T|+|A|C|C|A|A|G|G|C|A|A|-|G|C|G|-|C|+|G|-|-|A|C|G|G|C|C|T|C|C|T|G|+|A|G|A|G|G|C|G|C|G|G|C|T|A|C|A|C|A|T|+|+|+|C|G|GG,,,
WB1049,Hap2,-|T|T|+|G|C|C|A|A|G|C|T|A|G|G|G|C|G|C|C|G|G|T|G|A|C|G|A|C|C|T|C|G|C|A|T|G|C|G|A|A|C|A|C|G|G|C|C|A|C|A|C|A|T|+|+|+|C|G|GG,47.88605011,,
WB1050,Hap3,A|C|T|+|A|C|C|A|A|G|G|C|A|A|-|G|C|G|-|C|+|G|-|-|A|C|G|G|C|C|T|C|C|T|G|+|A|G|A|G|G|C|G|C|G|G|C|T|A|C|A|C|A|T|+|+|+|C|G|GG,,,
WB1051,Hap7,A|T|T|A|G|C|C|A|A|G|G|T|C|G|G|G|T|G|C|C|G|G|T|G|C|C|G|A|C|C|T|C|G|C|A|T|G|C|A|A|A|C|A|C|G|G|T|C|A|C|A|C|A|T|+|+|+|C|G|GG,50.81374635,,
WB1052,Hap21,A|T|T|+|G|C|+|+|+|G|G|C|A|A|G|G|C|G|C|C|G|G|T|G|A|C|G|G|C|T|T|T|G|C|A|T|G|C|A|A|A|C|A|C|G|G|C|C|A|C|A|C|A|T|+|+|+|C|G|G-,55.91327205,,
WB1053,Hap31,A|T|T|A|G|C|C|A|A|G|G|T|C|G|G|G|T|G|C|C|G|G|T|G|C|C|G|A|C|C|T|C|G|T|A|T|G|C|A|A|A|C|A|C|G|G|T|C|A|C|A|C|A|T|+|+|+|C|G|GG,53.18305375,,
WB1054,Hap8,-|T|T|+|G|C|C|A|A|G|C|T|A|G|G|G|C|G|C|C|G|G|T|G|A|C|G|A|C|C|T|C|G|C|A|T|G|C|A|A|A|C|A|C|G|A|C|C|A|C|A|C|C|T|+|+|+|C|G|GG,49.24589524,,
WB1055,Hap3,A|C|T|+|A|C|C|A|A|G|G|C|A|A|-|G|C|G|-|C|+|G|-|-|A|C|G|G|C|C|T|C|C|T|G|+|A|G|A|G|G|C|G|C|G|G|C|T|A|C|A|C|A|T|+|+|+|C|G|GG,49.6048378,,
WB1056,Hap17,A|T|T|+|G|C|+|A|A|G|G|C|A|A|G|G|C|G|C|C|+|G|-|G|A|C|T|A|T|T|T|C|G|C|A|T|G|C|A|A|A|C|A|C|G|G|T|C|A|C|A|C|A|T|+|+|+|C|G|GG,,,
WB1057,Hap58,A|T|T|+|G|C|C|+|+|G|G|C|A|A|G|G|C|G|C|C|G|G|T|G|C|C|G|G|C|T|T|T|G|C|A|T|G|C|A|A|A|C|A|C|G|G|C|C|A|C|A|C|A|T|+|+|+|C|G|GG,49.02459413,,
WB1058,Hap3,A|C|T|+|A|C|C|A|A|G|G|C|A|A|-|G|C|G|-|C|+|G|-|-|A|C|G|G|C|C|T|C|C|T|G|+|A|G|A|G|G|C|G|C|G|G|C|T|A|C|A|C|A|T|+|+|+|C|G|GG,49.56362979,,
WB1059,Hap21,A|T|T|+|G|C|+|+|+|G|G|C|A|A|G|G|C|G|C|C|G|G|T|G|A|C|G|G|C|T|T|T|G|C|A|T|G|C|A|A|A|C|A|C|G|G|C|C|A|C|A|C|A|T|+|+|+|C|G|G-,,,
WB1060,Hap20,A|T|T|+|G|C|+|A|A|G|G|C|A|A|G|G|C|G|C|C|+|A|-|G|A|C|G|G|C|T|T|C|G|C|A|T|G|C|A|A|A|C|A|C|G|G|C|C|A|C|G|C|A|A|G|A|G|T|G|AG,52.95032295,,
WB1061,Hap6,-|T|+|+|G|C|C|A|A|G|C|T|A|G|G|+|C|G|C|C|G|A|T|G|A|C|G|A|C|C|T|C|G|C|A|T|G|C|A|A|A|C|A|C|G|A|C|C|A|C|A|C|A|T|+|+|+|C|G|GG,,,
WB1062,Hap8,-|T|T|+|G|C|C|A|A|G|C|T|A|G|G|G|C|G|C|C|G|G|T|G|A|C|G|A|C|C|T|C|G|C|A|T|G|C|A|A|A|C|A|C|G|A|C|C|A|C|A|C|C|T|+|+|+|C|G|GG,50.4149399,,
WB1063,Hap3,A|C|T|+|A|C|C|A|A|G|G|C|A|A|-|G|C|G|-|C|+|G|-|-|A|C|G|G|C|C|T|C|C|T|G|+|A|G|A|G|G|C|G|C|G|G|C|T|A|C|A|C|A|T|+|+|+|C|G|GG,48.95829539,,
WB1064,Hap28,-|T|T|+|G|C|C|A|A|G|C|T|A|G|G|+|C|G|C|C|G|A|T|G|A|C|G|A|C|C|T|C|G|C|A|T|G|C|A|A|A|C|A|C|G|A|C|C|A|C|A|C|A|T|+|+|+|C|G|GG,45.82647003,,
WB1065,Hap29,A|T|T|+|G|C|C|+|+|G|G|C|A|A|G|G|C|G|C|C|G|G|T|G|A|C|G|G|C|T|T|T|G|C|A|T|G|C|A|A|A|C|A|C|G|G|C|C|A|C|A|C|A|T|+|+|+|C|G|G-,48.67034636,,
WB1066,Hap17,A|T|T|+|G|C|+|A|A|G|G|C|A|A|G|G|C|G|C|C|+|G|-|G|A|C|T|A|T|T|T|C|G|C|A|T|G|C|A|A|A|C|A|C|G|G|T|C|A|C|A|C|A|T|+|+|+|C|G|GG,,,
WB1067,Hap17,A|T|T|+|G|C|+|A|A|G|G|C|A|A|G|G|C|G|C|C|+|G|-|G|A|C|T|A|T|T|T|C|G|C|A|T|G|C|A|A|A|C|A|C|G|G|T|C|A|C|A|C|A|T|+|+|+|C|G|GG,47.81978485,,
WB1068,Hap8,-|T|T|+|G|C|C|A|A|G|C|T|A|G|G|G|C|G|C|C|G|G|T|G|A|C|G|A|C|C|T|C|G|C|A|T|G|C|A|A|A|C|A|C|G|A|C|C|A|C|A|C|C|T|+|+|+|C|G|GG,44.82308493,,
WB1069,Hap5,-|T|T|+|G|C|C|A|A|G|C|T|A|G|G|G|C|G|C|C|G|G|T|G|A|C|G|A|C|C|T|C|G|C|A|T|G|C|A|A|A|C|A|C|G|A|C|C|A|C|A|C|A|T|+|+|+|C|G|GG,50.1460881,,
WB1070,Hap7,A|T|T|A|G|C|C|A|A|G|G|T|C|G|G|G|T|G|C|C|G|G|T|G|C|C|G|A|C|C|T|C|G|C|A|T|G|C|A|A|A|C|A|C|G|G|T|C|A|C|A|C|A|T|+|+|+|C|G|GG,,,
WB1071,Hap18,A|T|T|A|G|C|C|A|A|G|G|T|C|G|G|G|T|G|C|C|G|G|T|G|A|C|G|A|C|C|T|C|G|C|A|T|G|C|G|A|A|C|A|C|G|G|C|C|A|C|A|C|A|T|+|+|+|C|G|GG,52.91990125,,
WB1072,Hap59,A|T|T|+|G|C|C|A|A|G|C|T|A|G|G|G|C|G|C|C|G|G|T|G|A|C|G|A|C|C|T|C|G|C|A|T|G|C|A|A|A|C|A|C|G|A|C|C|A|C|A|C|C|T|+|+|+|C|G|GG,48.98599062,,
WB1073,Hap7,A|T|T|A|G|C|C|A|A|G|G|T|C|G|G|G|T|G|C|C|G|G|T|G|C|C|G|A|C|C|T|C|G|C|A|T|G|C|A|A|A|C|A|C|G|G|T|C|A|C|A|C|A|T|+|+|+|C|G|GG,54.17138585,,
WB1074,Hap7,A|T|T|A|G|C|C|A|A|G|G|T|C|G|G|G|T|G|C|C|G|G|T|G|C|C|G|A|C|C|T|C|G|C|A|T|G|C|A|A|A|C|A|C|G|G|T|C|A|C|A|C|A|T|+|+|+|C|G|GG,49.25423251,,
WB1075,Hap2,-|T|T|+|G|C|C|A|A|G|C|T|A|G|G|G|C|G|C|C|G|G|T|G|A|C|G|A|C|C|T|C|G|C|A|T|G|C|G|A|A|C|A|C|G|G|C|C|A|C|A|C|A|T|+|+|+|C|G|GG,49.67218886,,
WB1076,Hap7,A|T|T|A|G|C|C|A|A|G|G|T|C|G|G|G|T|G|C|C|G|G|T|G|C|C|G|A|C|C|T|C|G|C|A|T|G|C|A|A|A|C|A|C|G|G|T|C|A|C|A|C|A|T|+|+|+|C|G|GG,43.27572064,,
WB1077,Hap2,-|T|T|+|G|C|C|A|A|G|C|T|A|G|G|G|C|G|C|C|G|G|T|G|A|C|G|A|C|C|T|C|G|C|A|T|G|C|G|A|A|C|A|C|G|G|C|C|A|C|A|C|A|T|+|+|+|C|G|GG,46.3188854,,
WB1078,Hap2,-|T|T|+|G|C|C|A|A|G|C|T|A|G|G|G|C|G|C|C|G|G|T|G|A|C|G|A|C|C|T|C|G|C|A|T|G|C|G|A|A|C|A|C|G|G|C|C|A|C|A|C|A|T|+|+|+|C|G|GG,47.70381409,,
WB1079,Hap5,-|T|T|+|G|C|C|A|A|G|C|T|A|G|G|G|C|G|C|C|G|G|T|G|A|C|G|A|C|C|T|C|G|C|A|T|G|C|A|A|A|C|A|C|G|A|C|C|A|C|A|C|A|T|+|+|+|C|G|GG,56.2086854,,
WB1080,Hap5,-|T|T|+|G|C|C|A|A|G|C|T|A|G|G|G|C|G|C|C|G|G|T|G|A|C|G|A|C|C|T|C|G|C|A|T|G|C|A|A|A|C|A|C|G|A|C|C|A|C|A|C|A|T|+|+|+|C|G|GG,51.944032,,
WB1081,Hap7,A|T|T|A|G|C|C|A|A|G|G|T|C|G|G|G|T|G|C|C|G|G|T|G|C|C|G|A|C|C|T|C|G|C|A|T|G|C|A|A|A|C|A|C|G|G|T|C|A|C|A|C|A|T|+|+|+|C|G|GG,53.2013761,,
WB1082,Hap7,A|T|T|A|G|C|C|A|A|G|G|T|C|G|G|G|T|G|C|C|G|G|T|G|C|C|G|A|C|C|T|C|G|C|A|T|G|C|A|A|A|C|A|C|G|G|T|C|A|C|A|C|A|T|+|+|+|C|G|GG,46.14301354,,
WB1083,Hap60,A|T|T|A|G|C|C|A|A|G|G|T|C|G|G|G|T|G|C|C|G|G|T|G|C|C|G|A|C|C|T|C|G|C|A|T|G|C|A|A|A|C|A|C|G|G|C|C|A|C|A|C|A|T|+|+|+|C|G|GG,46.84061514,,
WB1084,Hap7,A|T|T|A|G|C|C|A|A|G|G|T|C|G|G|G|T|G|C|C|G|G|T|G|C|C|G|A|C|C|T|C|G|C|A|T|G|C|A|A|A|C|A|C|G|G|T|C|A|C|A|C|A|T|+|+|+|C|G|GG,45.35470411,,
WB1085,Hap7,A|T|T|A|G|C|C|A|A|G|G|T|C|G|G|G|T|G|C|C|G|G|T|G|C|C|G|A|C|C|T|C|G|C|A|T|G|C|A|A|A|C|A|C|G|G|T|C|A|C|A|C|A|T|+|+|+|C|G|GG,52.42982015,,
WB1086,Hap7,A|T|T|A|G|C|C|A|A|G|G|T|C|G|G|G|T|G|C|C|G|G|T|G|C|C|G|A|C|C|T|C|G|C|A|T|G|C|A|A|A|C|A|C|G|G|T|C|A|C|A|C|A|T|+|+|+|C|G|GG,52.06889015,,
WB1087,Hap61,A|C|T|A|G|C|C|A|A|G|G|T|C|A|G|G|T|G|C|C|+|G|T|G|C|C|G|A|C|C|T|C|G|C|A|T|G|C|A|A|A|C|A|C|G|G|C|C|A|C|A|C|A|T|+|+|+|C|G|GG,,,
WB1088,Hap8,-|T|T|+|G|C|C|A|A|G|C|T|A|G|G|G|C|G|C|C|G|G|T|G|A|C|G|A|C|C|T|C|G|C|A|T|G|C|A|A|A|C|A|C|G|A|C|C|A|C|A|C|C|T|+|+|+|C|G|GG,44.9927433,,
WB1089,Hap7,A|T|T|A|G|C|C|A|A|G|G|T|C|G|G|G|T|G|C|C|G|G|T|G|C|C|G|A|C|C|T|C|G|C|A|T|G|C|A|A|A|C|A|C|G|G|T|C|A|C|A|C|A|T|+|+|+|C|G|GG,49.44012057,,
WB1090,Hap5,-|T|T|+|G|C|C|A|A|G|C|T|A|G|G|G|C|G|C|C|G|G|T|G|A|C|G|A|C|C|T|C|G|C|A|T|G|C|A|A|A|C|A|C|G|A|C|C|A|C|A|C|A|T|+|+|+|C|G|GG,46.52438493,,
WB1091,Hap31,A|T|T|A|G|C|C|A|A|G|G|T|C|G|G|G|T|G|C|C|G|G|T|G|C|C|G|A|C|C|T|C|G|T|A|T|G|C|A|A|A|C|A|C|G|G|T|C|A|C|A|C|A|T|+|+|+|C|G|GG,,,
WB1092,Hap5,-|T|T|+|G|C|C|A|A|G|C|T|A|G|G|G|C|G|C|C|G|G|T|G|A|C|G|A|C|C|T|C|G|C|A|T|G|C|A|A|A|C|A|C|G|A|C|C|A|C|A|C|A|T|+|+|+|C|G|GG,54.1659281,,
WB1093,Hap14,-|T|T|+|G|C|C|A|A|G|C|T|A|G|G|G|C|G|C|C|G|G|T|G|A|C|G|A|C|C|T|C|G|C|A|T|G|C|A|A|A|C|A|C|G|G|C|C|A|C|A|C|A|T|+|+|+|C|G|GG,72.93522875,,
WB1094,Hap18,A|T|T|A|G|C|C|A|A|G|G|T|C|G|G|G|T|G|C|C|G|G|T|G|A|C|G|A|C|C|T|C|G|C|A|T|G|C|G|A|A|C|A|C|G|G|C|C|A|C|A|C|A|T|+|+|+|C|G|GG,,,
WB1095,Hap5,-|T|T|+|G|C|C|A|A|G|C|T|A|G|G|G|C|G|C|C|G|G|T|G|A|C|G|A|C|C|T|C|G|C|A|T|G|C|A|A|A|C|A|C|G|A|C|C|A|C|A|C|A|T|+|+|+|C|G|GG,59.27580725,,
WB1096,Hap7,A|T|T|A|G|C|C|A|A|G|G|T|C|G|G|G|T|G|C|C|G|G|T|G|C|C|G|A|C|C|T|C|G|C|A|T|G|C|A|A|A|C|A|C|G|G|T|C|A|C|A|C|A|T|+|+|+|C|G|GG,59.03534905,,
WB1097,Hap5,-|T|T|+|G|C|C|A|A|G|C|T|A|G|G|G|C|G|C|C|G|G|T|G|A|C|G|A|C|C|T|C|G|C|A|T|G|C|A|A|A|C|A|C|G|A|C|C|A|C|A|C|A|T|+|+|+|C|G|GG,,,
WB1098,Hap3,A|C|T|+|A|C|C|A|A|G|G|C|A|A|-|G|C|G|-|C|+|G|-|-|A|C|G|G|C|C|T|C|C|T|G|+|A|G|A|G|G|C|G|C|G|G|C|T|A|C|A|C|A|T|+|+|+|C|G|GG,49.92225187,,
WB1099,Hap5,-|T|T|+|G|C|C|A|A|G|C|T|A|G|G|G|C|G|C|C|G|G|T|G|A|C|G|A|C|C|T|C|G|C|A|T|G|C|A|A|A|C|A|C|G|A|C|C|A|C|A|C|A|T|+|+|+|C|G|GG,61.26342755,,
WB1100,Hap1,-|T|T|+|G|-|C|A|A|G|C|T|A|G|G|G|C|G|C|T|G|G|T|G|A|C|G|A|C|C|T|C|G|C|A|T|G|C|A|A|A|C|A|C|G|A|C|C|A|C|A|C|A|T|+|+|+|C|G|GG,58.22773905,,
WB1101,Hap5,-|T|T|+|G|C|C|A|A|G|C|T|A|G|G|G|C|G|C|C|G|G|T|G|A|C|G|A|C|C|T|C|G|C|A|T|G|C|A|A|A|C|A|C|G|A|C|C|A|C|A|C|A|T|+|+|+|C|G|GG,61.61386305,,
WB1102,Hap16,-|T|T|+|G|C|C|A|A|G|C|T|A|G|G|G|C|G|C|C|G|G|T|G|A|C|G|A|C|C|T|C|G|C|A|T|G|C|A|A|A|C|A|C|G|A|C|C|A|C|G|C|A|A|G|A|G|T|G|AG,52.2932167,,
WB1103,Hap3,A|C|T|+|A|C|C|A|A|G|G|C|A|A|-|G|C|G|-|C|+|G|-|-|A|C|G|G|C|C|T|C|C|T|G|+|A|G|A|G|G|C|G|C|G|G|C|T|A|C|A|C|A|T|+|+|+|C|G|GG,64.3402188,,
WB1104,Hap5,-|T|T|+|G|C|C|A|A|G|C|T|A|G|G|G|C|G|C|C|G|G|T|G|A|C|G|A|C|C|T|C|G|C|A|T|G|C|A|A|A|C|A|C|G|A|C|C|A|C|A|C|A|T|+|+|+|C|G|GG,60.1923207,,
WB1105,Hap8,-|T|T|+|G|C|C|A|A|G|C|T|A|G|G|G|C|G|C|C|G|G|T|G|A|C|G|A|C|C|T|C|G|C|A|T|G|C|A|A|A|C|A|C|G|A|C|C|A|C|A|C|C|T|+|+|+|C|G|GG,52.44621245,,
WB1106,Hap7,A|T|T|A|G|C|C|A|A|G|G|T|C|G|G|G|T|G|C|C|G|G|T|G|C|C|G|A|C|C|T|C|G|C|A|T|G|C|A|A|A|C|A|C|G|G|T|C|A|C|A|C|A|T|+|+|+|C|G|GG,,,
WB1107,Hap7,A|T|T|A|G|C|C|A|A|G|G|T|C|G|G|G|T|G|C|C|G|G|T|G|C|C|G|A|C|C|T|C|G|C|A|T|G|C|A|A|A|C|A|C|G|G|T|C|A|C|A|C|A|T|+|+|+|C|G|GG,46.88388952,,
WB1108,Hap5,-|T|T|+|G|C|C|A|A|G|C|T|A|G|G|G|C|G|C|C|G|G|T|G|A|C|G|A|C|C|T|C|G|C|A|T|G|C|A|A|A|C|A|C|G|A|C|C|A|C|A|C|A|T|+|+|+|C|G|GG,46.71515194,,
WB1109,Hap5,-|T|T|+|G|C|C|A|A|G|C|T|A|G|G|G|C|G|C|C|G|G|T|G|A|C|G|A|C|C|T|C|G|C|A|T|G|C|A|A|A|C|A|C|G|A|C|C|A|C|A|C|A|T|+|+|+|C|G|GG,44.57548292,,
WB1110,Hap7,A|T|T|A|G|C|C|A|A|G|G|T|C|G|G|G|T|G|C|C|G|G|T|G|C|C|G|A|C|C|T|C|G|C|A|T|G|C|A|A|A|C|A|C|G|G|T|C|A|C|A|C|A|T|+|+|+|C|G|GG,47.84996021,,
WB1111,Hap5,-|T|T|+|G|C|C|A|A|G|C|T|A|G|G|G|C|G|C|C|G|G|T|G|A|C|G|A|C|C|T|C|G|C|A|T|G|C|A|A|A|C|A|C|G|A|C|C|A|C|A|C|A|T|+|+|+|C|G|GG,52.2377736,,
WB1112,Hap62,A|T|T|+|G|C|C|A|A|G|G|T|A|A|G|G|C|G|C|C|G|G|T|G|A|C|G|A|C|C|T|C|G|C|A|T|G|C|A|G|A|C|A|C|G|G|C|C|A|C|A|C|A|T|+|+|+|C|G|GG,54.1207954,,
WB1113,Hap14,-|T|T|+|G|C|C|A|A|G|C|T|A|G|G|G|C|G|C|C|G|G|T|G|A|C|G|A|C|C|T|C|G|C|A|T|G|C|A|A|A|C|A|C|G|G|C|C|A|C|A|C|A|T|+|+|+|C|G|GG,52.0397145,,
WB1114,Hap2,-|T|T|+|G|C|C|A|A|G|C|T|A|G|G|G|C|G|C|C|G|G|T|G|A|C|G|A|C|C|T|C|G|C|A|T|G|C|G|A|A|C|A|C|G|G|C|C|A|C|A|C|A|T|+|+|+|C|G|GG,49.09683131,,
WB1115,Hap9,A|T|T|+|G|C|C|A|A|-|G|T|A|G|G|G|C|-|C|C|G|G|-|G|A|C|G|G|C|C|C|C|G|C|A|T|G|C|A|A|A|T|A|C|G|G|C|C|A|C|G|C|A|A|G|A|G|T|T|AG,,,
WB1116,Hap9,A|T|T|+|G|C|C|A|A|-|G|T|A|G|G|G|C|-|C|C|G|G|-|G|A|C|G|G|C|C|C|C|G|C|A|T|G|C|A|A|A|T|A|C|G|G|C|C|A|C|G|C|A|A|G|A|G|T|T|AG,,,
WB1117,Hap9,A|T|T|+|G|C|C|A|A|-|G|T|A|G|G|G|C|-|C|C|G|G|-|G|A|C|G|G|C|C|C|C|G|C|A|T|G|C|A|A|A|T|A|C|G|G|C|C|A|C|G|C|A|A|G|A|G|T|T|AG,43.96577899,,
WB1118,Hap8,-|T|T|+|G|C|C|A|A|G|C|T|A|G|G|G|C|G|C|C|G|G|T|G|A|C|G|A|C|C|T|C|G|C|A|T|G|C|A|A|A|C|A|C|G|A|C|C|A|C|A|C|C|T|+|+|+|C|G|GG,,,
WB1119,Hap9,A|T|T|+|G|C|C|A|A|-|G|T|A|G|G|G|C|-|C|C|G|G|-|G|A|C|G|G|C|C|C|C|G|C|A|T|G|C|A|A|A|T|A|C|G|G|C|C|A|C|G|C|A|A|G|A|G|T|T|AG,44.8496513,,
WB1120,Hap9,A|T|T|+|G|C|C|A|A|-|G|T|A|G|G|G|C|-|C|C|G|G|-|G|A|C|G|G|C|C|C|C|G|C|A|T|G|C|A|A|A|T|A|C|G|G|C|C|A|C|G|C|A|A|G|A|G|T|T|AG,,,
WB1121,Hap9,A|T|T|+|G|C|C|A|A|-|G|T|A|G|G|G|C|-|C|C|G|G|-|G|A|C|G|G|C|C|C|C|G|C|A|T|G|C|A|A|A|T|A|C|G|G|C|C|A|C|G|C|A|A|G|A|G|T|T|AG,,,
WB1122,Hap63,A|T|T|+|G|C|+|A|A|G|G|C|A|A|G|G|C|G|C|C|+|G|-|G|A|C|G|G|C|C|T|C|G|C|A|T|G|C|A|A|A|C|A|C|G|G|C|C|A|C|A|C|A|T|+|+|+|C|G|GG,42.87296079,,
WB1123,Hap27,-|T|T|+|G|-|C|A|A|G|C|T|A|G|G|G|C|G|C|T|G|G|T|G|A|C|G|A|C|C|T|C|G|C|A|T|G|C|A|A|A|C|A|C|G|G|C|C|A|C|A|C|A|T|+|+|+|C|G|GG,42.80564082,,
WB1124,Hap9,A|T|T|+|G|C|C|A|A|-|G|T|A|G|G|G|C|-|C|C|G|G|-|G|A|C|G|G|C|C|C|C|G|C|A|T|G|C|A|A|A|T|A|C|G|G|C|C|A|C|G|C|A|A|G|A|G|T|T|AG,,,
WB1125,Hap5,-|T|T|+|G|C|C|A|A|G|C|T|A|G|G|G|C|G|C|C|G|G|T|G|A|C|G|A|C|C|T|C|G|C|A|T|G|C|A|A|A|C|A|C|G|A|C|C|A|C|A|C|A|T|+|+|+|C|G|GG,47.61035346,,
WB1126,Hap6,-|T|+|+|G|C|C|A|A|G|C|T|A|G|G|+|C|G|C|C|G|A|T|G|A|C|G|A|C|C|T|C|G|C|A|T|G|C|A|A|A|C|A|C|G|A|C|C|A|C|A|C|A|T|+|+|+|C|G|GG,,,
WB1127,Hap8,-|T|T|+|G|C|C|A|A|G|C|T|A|G|G|G|C|G|C|C|G|G|T|G|A|C|G|A|C|C|T|C|G|C|A|T|G|C|A|A|A|C|A|C|G|A|C|C|A|C|A|C|C|T|+|+|+|C|G|GG,,,
WB1128,Hap23,A|T|T|+|G|C|+|+|+|G|G|C|A|A|G|G|C|G|C|C|G|G|T|G|C|C|G|G|C|T|T|T|G|C|A|T|G|C|A|A|A|C|A|C|G|G|C|C|A|C|A|C|A|T|+|+|+|C|G|G-,,,
WB1129,Hap7,A|T|T|A|G|C|C|A|A|G|G|T|C|G|G|G|T|G|C|C|G|G|T|G|C|C|G|A|C|C|T|C|G|C|A|T|G|C|A|A|A|C|A|C|G|G|T|C|A|C|A|C|A|T|+|+|+|C|G|GG,42.1864325,,
WB1130,Hap7,A|T|T|A|G|C|C|A|A|G|G|T|C|G|G|G|T|G|C|C|G|G|T|G|C|C|G|A|C|C|T|C|G|C|A|T|G|C|A|A|A|C|A|C|G|G|T|C|A|C|A|C|A|T|+|+|+|C|G|GG,50.1275194,,
WB1131,Hap6,-|T|+|+|G|C|C|A|A|G|C|T|A|G|G|+|C|G|C|C|G|A|T|G|A|C|G|A|C|C|T|C|G|C|A|T|G|C|A|A|A|C|A|C|G|A|C|C|A|C|A|C|A|T|+|+|+|C|G|GG,35.96798145,,
WB1132,Hap7,A|T|T|A|G|C|C|A|A|G|G|T|C|G|G|G|T|G|C|C|G|G|T|G|C|C|G|A|C|C|T|C|G|C|A|T|G|C|A|A|A|C|A|C|G|G|T|C|A|C|A|C|A|T|+|+|+|C|G|GG,60.85916815,,
WB1133,Hap7,A|T|T|A|G|C|C|A|A|G|G|T|C|G|G|G|T|G|C|C|G|G|T|G|C|C|G|A|C|C|T|C|G|C|A|T|G|C|A|A|A|C|A|C|G|G|T|C|A|C|A|C|A|T|+|+|+|C|G|GG,65.40039015,,
WB1134,Hap5,-|T|T|+|G|C|C|A|A|G|C|T|A|G|G|G|C|G|C|C|G|G|T|G|A|C|G|A|C|C|T|C|G|C|A|T|G|C|A|A|A|C|A|C|G|A|C|C|A|C|A|C|A|T|+|+|+|C|G|GG,40.97653382,,
WB1135,Hap7,A|T|T|A|G|C|C|A|A|G|G|T|C|G|G|G|T|G|C|C|G|G|T|G|C|C|G|A|C|C|T|C|G|C|A|T|G|C|A|A|A|C|A|C|G|G|T|C|A|C|A|C|A|T|+|+|+|C|G|GG,42.63933793,,
WB1136,Hap8,-|T|T|+|G|C|C|A|A|G|C|T|A|G|G|G|C|G|C|C|G|G|T|G|A|C|G|A|C|C|T|C|G|C|A|T|G|C|A|A|A|C|A|C|G|A|C|C|A|C|A|C|C|T|+|+|+|C|G|GG,50.57666755,,
WB1137,Hap64,A|T|T|+|G|C|C|A|A|G|G|T|A|A|G|G|C|-|C|C|G|G|-|G|A|C|G|G|C|C|T|C|G|C|A|T|G|C|A|A|A|C|A|C|G|G|C|C|A|C|G|C|A|A|G|A|G|T|G|AG,43.86065432,,
WB1138,Hap1,-|T|T|+|G|-|C|A|A|G|C|T|A|G|G|G|C|G|C|T|G|G|T|G|A|C|G|A|C|C|T|C|G|C|A|T|G|C|A|A|A|C|A|C|G|A|C|C|A|C|A|C|A|T|+|+|+|C|G|GG,,,
WB1139,Hap5,-|T|T|+|G|C|C|A|A|G|C|T|A|G|G|G|C|G|C|C|G|G|T|G|A|C|G|A|C|C|T|C|G|C|A|T|G|C|A|A|A|C|A|C|G|A|C|C|A|C|A|C|A|T|+|+|+|C|G|GG,52.16167155,,
WB1140,Hap65,A|T|T|+|G|C|C|A|A|-|G|T|A|A|G|G|C|G|C|C|G|G|-|G|A|C|G|G|C|C|T|C|G|C|A|T|G|C|A|A|A|C|A|C|G|G|C|C|A|C|G|C|A|A|G|A|G|T|G|AG,,,
WB1141,Hap9,A|T|T|+|G|C|C|A|A|-|G|T|A|G|G|G|C|-|C|C|G|G|-|G|A|C|G|G|C|C|C|C|G|C|A|T|G|C|A|A|A|T|A|C|G|G|C|C|A|C|G|C|A|A|G|A|G|T|T|AG,,,
WB1142,Hap5,-|T|T|+|G|C|C|A|A|G|C|T|A|G|G|G|C|G|C|C|G|G|T|G|A|C|G|A|C|C|T|C|G|C|A|T|G|C|A|A|A|C|A|C|G|A|C|C|A|C|A|C|A|T|+|+|+|C|G|GG,,,
WB1143,Hap5,-|T|T|+|G|C|C|A|A|G|C|T|A|G|G|G|C|G|C|C|G|G|T|G|A|C|G|A|C|C|T|C|G|C|A|T|G|C|A|A|A|C|A|C|G|A|C|C|A|C|A|C|A|T|+|+|+|C|G|GG,57.2094062,,
WB1144,Hap3,A|C|T|+|A|C|C|A|A|G|G|C|A|A|-|G|C|G|-|C|+|G|-|-|A|C|G|G|C|C|T|C|C|T|G|+|A|G|A|G|G|C|G|C|G|G|C|T|A|C|A|C|A|T|+|+|+|C|G|GG,52.99145445,,
